ID,year,gender,bmi,living,stap_est,erv_fa_sub1_q,erv_fa_sub2_q,erv_fa,dag_zwa1,tijd_zwa1_uur,tijd_zwa1_min,dag_mat1,tijd_mat1_uur,tijd_mat1_min,dag_wan1,tijd_wan1_uur,tijd_wan1_min,ipaqtot1,tijd_zit1_uur,tijd_zit1_min,attitu_1,attitu_2,attitu_tot,soc_omg_1,soc_omg_2,soc_omg_tot,systeem,stap_app_1_aantal,stap_app_2_aantal,stap_app_3_aantal,stap_app_4_aantal,stap_app_5_aantal,stap_app_6_aantal,stap_app_7_aantal,comment_app_1,comment_app_2,comment_app_3,comment_app_4,comment_app_5,comment_app_6,comment_app_7,stap_om_1_aantal,stap_om_1_aer,stap_om_1_afs,stap_om_1_cal,stap_om_2_aantal,stap_om_2_aer,stap_om_2_afs,stap_om_2_cal,stap_om_3_aantal,stap_om_3_aer,stap_om_3_afs,stap_om_3_cal,stap_om_4_aantal,stap_om_4_aer,stap_om_4_afs,stap_om_4_cal,stap_om_5_aantal,stap_om_5_aer,stap_om_5_afs,stap_om_5_cal,stap_om_6_aantal,stap_om_6_aer,stap_om_6_afs,stap_om_6_cal,stap_om_7_aantal,stap_om_7_aer,stap_om_7_afs,stap_om_7_cal,reden_1,reden_2,reden_3,reden_4,reden_5,reden_6,reden_7,locatie_1,locatie_2,locatie_3,locatie_4,locatie_5,locatie_6,locatie_7,dag_zwa2,tijd_zwa2_uur,tijd_zwa2_min,dag_mat2,tijd_mat2_uur,tijd_mat2_min,dag_wan2,tijd_wan2_uur,tijd_wan2_min,ipaqtot2,tijd_zit2_uur,tijd_zit2_min,wear_1,wear_2,wear_3,wear_4,wear_5,wear_6,wear_7
1,2019,Female,18,Moved_out,NA,3,2,2.5,2,2,0,7,1,NA,7,0,30,NA,8,NA,6,6,6,6,4,5,Omron & app,4605,1323,2597,2195,2623,512,2251,NA,NA,NA,NA,NA,NA,NA,9905,1915,7.2,141,4295,0,3.2,75,5266,0,3.8,82,5373,0,3.9,74,3041,0,2.2,44,2545,0,1.8,46,7395,913,5.3,102,NA,NA,NA,NA,NA,NA,NA,Riem,Riem,Riem,Riem,Riem (uitgehad tijdens zwemmen),Riem,Broekzak,2,2,0,7,1,0,2,0,15,NA,7,30,Yes,Yes,Yes,Yes,Yes,Yes,Yes
2,2019,Female,24.9,Moved_out,5000,1,2,1.5,0,NA,NA,7,NA,30,7,NA,15,NA,NA,NA,5,6,5.5,5,4,4.5,Omron & app,5559,5967,8740,2243,963,6895,10388,NA,NA,NA,NA,NA,NA,NA,10285,2374,8.2,377,4431,0,3.5,110,10584,2325,84,451,2608,0,2,96,2041,0,1.6,196,6717,0,5.3,197,11853,2363,9.6,499,NA,NA,NA,NA,NA,NA,NA,Broekrand,Broekrand,Broekrand,Broekrand,Broekrand,Broekrand,Broekrand,3,1,15,5,1,NA,0,NA,NA,NA,NA,NA,Yes,Yes,Yes,Yes,Yes,Yes,Yes
3,2019,Female,21.8,Moved_out,6500,6,2,4,2,1,30,7,1,NA,6,1,NA,4308,8,NA,6,6,6,6,3,4.5,Omron & app,8434,5199,7128,11142,9211,7360,11866,NA,Hockeytraining,NA,NA,Hockeywedstrijd,NA,NA,5906,3401,7.6,186,4997,1320,6.4,56,6987,2389,7.4,92,8054,4678,7.8,223,7543,3784,6.1,201,6789,3458,7.1,112,9080,6098,4.6,289,NA,NA,Activiteit vanaf 5 tot laat niet meegenomen (kon niet),NA,Niet mee naar hockeywedstrijd en erheen lopen en terug (met ov erheen),NA,NA,broekzak,broekzak,broekzak,broekzak,broekzak,broekzak,broekzak,2,2,NA,7,4,NA,7,NA,50,9795,9,NA,Yes,Yes,No,Yes,No,Yes,Yes
4,2019,Female,18.7,Living_with_parents,5000,1,2,1.5,1,1,NA,5,1,NA,5,NA,20,2010,10,NA,7,5,6,5,1,3,Omron & app,4173,5949,3003,3699,17582,5727,18154,NA,NA,NA,NA,NA,NA,NA,4094,0,2.6,108,5949,5774,3.6,148,2808,1000,1.7,62,1454,0,0.9,35,17456,15984,11.1,573,4546,0,2.9,93,16316,10284,10.4,453,NA,NA,NA,"Het regende best wel hard, dus ik wilde niet dat de Omron buiten kapot zou gaan.",NA,NA,NA,broekzak,broekzak,broekzak,broekzak,broekzak,broekzak,broekzak,1,0,30,4,0,15,4,0,20,744,10,NA,Yes,Yes,Yes,No,Yes,Yes,Yes
5,2019,Male,27.8,Living_with_parents,NA,7,7,7,5,2,30,1,1,0,0,NA,NA,NA,0,0,7,7,7,7,7,7,Omron & app,0,0,0,0,0,7576,5552,niet gebruikt,niet gebruikt,niet gebruikt,niet gebruikt,niet gebruikt,NA,Niet gedragen tijdens training,9304,891,7410,339,1136,12,940,45,7600,673,6310,383,5368,652,4530,278,847,34,690,40,8703,886,7020,415,4292,920,29,162,Tas niet bij,Tas niet bij,Tas niet bij,Tas niet bij,NA,NA,NA,zijvak tas,zijvak tas,zijvak tas,zijvak tas,zijvak tas,zijvak tas,zijvak tas,4,20,NA,0,NA,NA,3,1,NA,NA,4,NA,No,No,No,No,Yes,Yes,Yes
6,2019,Male,23.6,Living_with_parents,8000,7,6,6.5,5,1,30,7,2,NA,7,1,NA,8346,6,NA,7,7,7,5,7,6,Omron & app,18769,16589,7969,13499,6739,4564,10398,NA,NA,NA,NA,NA,NA,NA,18769,2857,10.2,283,16589,1274,12.4,248,7969,2357,3.8,120,13499,231,8.2,202,6739,1238,3.4,101,4564,1333,1.5,68,10398,2234,6.3,155,NA,NA,NA,NA,NA,Vergeten,Vergeten,Riem,Riem,RIem,Riem,Riem,NA,NA,3,1,30,7,2,NA,7,1,NA,6906,3,NA,Yes,Yes,Unsure,Yes,Unsure,No,No
7,2019,Male,19.9,Living_with_parents,7000,4,4,4,1,1,0,7,0,45,7,1,0,3126,10,0,7,7,7,7,6,6.5,Omron,NA,NA,NA,NA,NA,NA,NA,NA,NA,NA,NA,NA,NA,NA,11973,0,9.6,222,9937,1016,8,146,14253,858,11.5,350,2907,0,2.3,49,4456,0,3.6,92,7818,0,6.3,134,3440,0,2.7,68,NA,NA,NA,NA,NA,NA,NA,broekzak,broekzak,broekzak,broekzak,broekzak,broekzak,broekzak,4,NA,NA,7,NA,NA,7,NA,NA,0,7,NA,Yes,Yes,Yes,Unsure,Unsure,Unsure,Unsure
8,2019,Female,22,Moved_out,8000,5,5,5,3,1,30,7,1,NA,4,NA,25,4170,8,NA,7,7,7,3,4,3.5,Omron & app,12381,7928,19220,9225,8643,3771,7104,Gehockeyed. Niet mijn telefoon wel mijn stappenteller,Telefoon staat op 00:00 en de stappenteller om 03:00. Aangezien ik op stap was tot 3 uur komt dit niet overeen.,Telefoon staat op 00:00 en de stappenteller om 03:00. Aangezien ik op stap was tot 3 uur komt dit niet overeen.,NA,"Gehockeyed. Niet mijn telefooon, wel stappenteller",NA,NA,17107,5106,13,630,10586,2272,8,292,11085,0,8,279,6768,0,5,165,16327,4770,12,633,3273,0,3,57,7038,976,5,158,NA,NA,NA,NA,NA,NA,NA,Broekrand,Broekrand,Broekrand,Broekrand,Broekrand,Broekrand,Broekrand,3,1,30,7,NA,30,5,NA,30,3495,6,NA,Yes,Yes,Yes,Yes,Yes,Yes,Yes
9,2019,Female,19.7,Living_with_parents,6000,3,5,4,2,2,NA,4,NA,15,2,NA,15,2259,10,NA,5,5,5,6,5,5.5,Omron & app,4401,4268,4316,1370,6992,5187,4376,NA,NA,NA,NA,NA,NA,NA,5012,0,3.7,93,6055,0,4.5,84,4610,0,3.4,77,1609,0,1.2,6,7152,5234,5.3,136,4187,0,3.1,54,5117,0,3.8,67,NA,NA,NA,Ik werd laat wakker en ben toen vergeten de stappenteller direct om te doen,NA,NA,NA,broekrand,broekrand,broekrand,broekrand,broekrand,broekrand,broekrand,2,1,NA,5,NA,15,1,1,NA,1458,9,NA,Yes,Yes,Yes,No,Yes,Yes,Yes
10,2019,Female,23.1,Moved_out,8000,3,5,4,1,1,30,6,NA,30,3,10,NA,7380,8,NA,5,5,5,5,4,4.5,Omron & app,12897,5426,3933,5644,6651,8523,11734,NA,NA,NA,NA,NA,NA,niet gedragen bij hockey training,9892,0,7.4,209,4183,0,3.1,58,4009,0,3,73,5616,0,4.1,101,6536,0,4.9,110,8117,2459,6,110,17776,7896,12,301,NA,NA,NA,NA,NA,NA,NA,heup,heup,heup,heup,heup,heup,heup,1,1,30,5,NA,30,3,NA,15,1468.5,8,NA,Yes,Yes,Yes,Yes,Yes,Yes,Yes
11,2019,Female,17.7,Moved_out,7023,4,3,3.5,1,1,0,5,0,30,7,0,30,1773,9,0,7,7,7,7,2,4.5,Omron & app,11609,5722,8661,2186,1350,8233,7910,NA,NA,NA,NA,NA,NA,NA,10466,2248,7800,217,3249,0,2400,49,1002,0,700,20,1437,0,1000,16,1015,0,700,18,4691,0,3500,97,5253,0,3900,100,NA,NA,NA,NA,NA,NA,NA,Borstzakje,Broekzak,Broekzak,Broekzak,Broekzak,Broekzak,Broekzak,1,1,NA,5,0,40,5,0,20,1610,6,NA,Yes,Yes,No,Yes,No,Yes,Yes
12,2019,Female,23,Moved_out,3500,4,3,3.5,3,NA,30,2,NA,20,1,NA,20,946,7,NA,6,5,5.5,2,5,3.5,Omron & app,0,5556,9633,8248,4415,4108,6047,NA,NA,NA,NA,NA,NA,NA,4915,0,3.6,120,10179,1154,7.6,188,6154,0,4.6,97,5264,1049,3.9,152,28,0,0,0,2577,0,1.9,53,6047,2101,4.5,164,NA,NA,NA,NA,Vergeten,NA,NA,broekrand,broekrand,broekrand,broekrand,NA,broekrand,broekrand,1,2,NA,5,0,30,2,15,NA,7500,6,NA,Yes,Yes,Yes,Yes,No,Yes,Yes
13,2019,NA,22.5,Moved_out,7000,4,3,3.5,0,NA,NA,5,0,45,7,0,15,NA,8,NA,6,6,6,6,5,5.5,Omron & app,12398,6037,2093,1833,10770,8624,8290,NA,NA,NA,NA,NA,NA,NA,33,0,0,0,8139,0,6.1,141,6419,1338,4.8,171,138,0,0.1,0,8995,2814,6.7,167,7702,2773,5.7,162,0,0,0,0,in tas laten zitten,NA,NA,ziek in bed,NA,NA,thuis laten liggen,NA,broekzak,broekzak,NA,broekzak,broekzak,NA,0,NA,NA,3,1,NA,5,0,30,NA,6,NA,No,Yes,Yes,No,Yes,Yes,No
14,2019,Female,22.5,Moved_out,9000,4,5,4.5,3,1,NA,5,NA,30,7,1,NA,3426,4,NA,5,5,5,4,4,4,NA,NA,NA,NA,NA,NA,NA,NA,NA,NA,NA,NA,NA,NA,NA,NA,NA,NA,NA,NA,NA,NA,NA,NA,NA,NA,NA,NA,NA,NA,NA,NA,NA,NA,NA,NA,NA,NA,NA,NA,NA,NA,NA,NA,NA,NA,NA,NA,NA,NA,NA,NA,NA,NA,NA,NA,NA,NA,NA,NA,NA,NA,NA,NA,NA,NA,NA,NA,NA,NA,NA,NA,NA,NA,NA,NA
15,2019,Female,24.8,Living_with_parents,5000,6,6,6,6,1,NA,7,NA,30,4,NA,10,3852,10,NA,6,6,6,4,5,4.5,Omron & app,6358,5279,3479,7720,3779,4415,12101,NA,NA,NA,NA,NA,NA,NA,4650,876,3,88,3658,0,2.4,55,2883,0,1.9,78,1476,0,0.9,8,0,0,0,0,0,0,0,0,5017,3685,3.3,143,NA,NA,NA,halverwege kwijtgeraakt,nog steeds kwijt,nog steeds kwijt,om 17u opgehaald,broekrand,broekrand,broekrand,broekrand,NA,NA,broekrand,4,1,30,7,NA,30,5,NA,20,4050,8,NA,Yes,Yes,Yes,No,No,No,No
16,2019,Male,27.4,Living_with_parents,10000,0,1,0.5,0,NA,NA,2,0,30,7,0,30,NA,10,NA,6,6,6,4,1,2.5,Omron,NA,NA,NA,NA,NA,NA,NA,NA,NA,NA,NA,NA,NA,NA,6605,0,4.7,233,7647,0,5.5,232,3817,0,2.7,73,4595,0,3.3,34,3210,0,2.3,71,5187,0,3.7,164,6235,0,4.4,190,NA,NA,NA,NA,NA,NA,NA,riem,riem,riem,riem,riem,riem,riem,0,NA,NA,7,0,30,5,1,30,NA,5,NA,Yes,Yes,Yes,Yes,Yes,Yes,Yes
17,2019,Female,19.8,Moved_out,6000,4,5,4.5,2,1,NA,7,1,NA,7,NA,30,3333,12,NA,6,7,6.5,6,6,6,Omron & app,2441,3704,7095,3327,6878,3642,7614,NA,NA,NA,NA,NA,NA,NA,3645,0,2.6,67,4909,0,3.5,113,5214,1086,3.7,94,6207,0,4.4,68,7288,4001,5.2,135,9579,0,6.8,106,8536,1788,6.1,170,NA,NA,Ik heb mijn stappenteller overdag bij mijn tante laten liggen.,NA,NA,NA,NA,broekrand,broekrand,broekrand,broekrand,broekrand,broekrand,broekrand,2,1,NA,7,1,NA,3,NA,30,2937,10,NA,Yes,Yes,No,Yes,Yes,Yes,Yes
18,2019,Female,19.8,Living_with_parents,4000,1,2,1.5,0,NA,NA,3,NA,NA,1,NA,NA,NA,8,NA,5,5,5,2,4,3,Omron & app,8983,5050,4389,3690,2857,4987,6064,NA,NA,NA,NA,NA,NA,NA,9221,0,8.2,228,5175,0,4.6,130,4586,0,4,99,1041,0,0.9,7,2125,0,1.8,69,5587,0,4.7,141,6360,0,5.6,244,NA,NA,NA,savond was ik vergeten de stappenteller bij me te dragen,NA,NA,NA,broekzak,broekzak,broekzak,broekrand,broekzak,broekrand,broekrand,0,NA,NA,5,1,NA,2,NA,NA,NA,NA,NA,Yes,Yes,Yes,No,Yes,Yes,Yes
19,2019,Female,22.2,Living_with_parents,6000,6,6,6,3,2,15,6,1,0,5,0,30,5175,6,30,6,7,6.5,2,5,3.5,Omron & app,5332,12159,19994,2170,3412,13182,15453,NA,NA,NA,NA,NA,NA,NA,6113,0,4,184,13245,0,8.4,398,22098,789,15.8,865,1235,0,1.8,38,4736,1003,3.1,210,14009,0,8.8,420,0,0,0,0,NA,NA,NA,NA,NA,NA,Omron kwijtgeraakt,broekrand,broekrand,broekrand,broekrand,broekrand,broekrand,-,4,1,30,6,1,30,7,0,30,5733,6,30,Yes,Yes,Yes,Yes,Yes,Yes,No
20,2019,Female,19.5,Living_with_parents,5000,4,3,3.5,2,1,NA,6,NA,20,7,NA,45,2479.5,8,NA,6,6,6,3,5,4,Omron & app,8893,7802,6069,16008,6977,4523,6826,NA,NA,NA,NA,Telefoon niet 10 uur bij me gehad,NA,NA,7865,2022,5,128,8060,0,5.1,169,5964,0,3.8,94,10024,0,6.4,78,14717,1574,9.4,374,4115,0,2.6,67,6105,0,3.9,107,NA,NA,NA,NA,NA,NA,NA,broekzak,jaszak,jaszak,broekzak,broekzak,jaszak,broekzak,1,1,30,7,6,20,7,NA,45,12399.5,8,NA,Yes,Yes,Yes,Yes,Yes,Yes,Yes
21,2019,Male,19.8,Living_with_parents,5000,7,5,6,1,1,0,5,1,0,5,2,0,3660,8,0,7,6,6.5,3,6,4.5,Omron & app,9080,9880,17165,784,2522,6652,6763,tennis zonder app,NA,tennis zonder app,app niet de hele tijd mee,NA,NA,NA,6746,0,6,NA,6253,0,5.6,NA,10580,0,9.5,NA,1042,0,0.9,1000,2125,0,1.9,39,3643,0,3.2,60,6348,0,5.7,107,NA,NA,NA,NA,NA,NA,NA,broekzak,broekzak,broekzak,broekzak,broekzak,broekzak,broekzak,0,NA,NA,4,1,0,5,0,30,NA,8,0,Yes,Yes,Yes,Yes,Yes,Yes,Yes
22,2019,NA,20.1,Moved_out,5000,6,5,5.5,2,2,NA,7,1,NA,1,1,NA,3798,12,NA,6,6,6,3,6,4.5,Omron & app,9541,11033,19331,4205,3337,2525,12490,NA,NA,NA,NA,NA,NA,NA,6137,0,4.2,124,14538,0,10.2,288,6116,0,4.2,152,3709,0,2.5,27,3479,0,2.4,48,2463,0,1.7,40,12318,7108,8.6,365,NA,NA,NA,NA,NA,NA,NA,riem/broekrand,riem/broekrand,riem/broekrand,riem/broekrand,riem/broekrand,riem/broekrand,riem/broekrand,2,0,50,1,1,NA,3,1,NA,1634,9,NA,Yes,Yes,Yes,Unsure,Yes,Yes,Yes
23,2019,Male,24,Moved_out,10000,4,3,3.5,0,NA,NA,7,1,0,7,1,30,NA,4,30,5,5,5,4,5,4.5,Omron & app,8760,6695,4041,5151,4735,8998,7294,-,-,-,-,-,-,-,2920,0,2.2,41,3518,0,2.7,50,3659,1698,2.8,111,0,0,0,0,3368,0,2.5,52,5935,0,4.5,151,4523,1048,3.4,98,s'ochtends thuis vergeten,s'avonds activiteit waarbij hij niet kon worden gedragen,NA,kwijt,NA,NA,NA,broekzak,broekzak,broekzak,NA,broekzak,broekzak,broekzak,2,0,15,7,1,0,7,0,20,2382,5,0,No,No,Yes,No,Yes,Yes,Yes
24,2019,Female,20,Living_with_parents,5000,4,5,4.5,3,2,0,6,NA,45,5,1,NA,4950,12,NA,5,5,5,6,5,5.5,Omron & app,4563,7636,8338,5547,500,2755,5577,NA,NA,NA,NA,NA,NA,NA,4199,0,4.2,124,11562,0,8.6,237,6735,0,5,158,6902,0,5.1,96,383,0,0.2,12,3501,0,2.6,75,7164,0,5.3,132,NA,NA,NA,NA,vergeten te dragen,"ochtend vergeten, avond wel gedragen",NA,broekrand,broekrand ochtend/sok avond,broekrand,sok ochtend/broekrand avond,NA,broekrand,ochtend broekrand/ avond sok,3,2,NA,5,1,30,4,NA,20,4944,9,30,Yes,Yes,Yes,Yes,No,No,Yes
25,2019,Male,17.5,Living_with_parents,9000,7,6,6.5,4,1,30,6,0,30,1,0,20,3666,11,NA,6,7,6.5,4,5,4.5,Omron & app,8654,15284,8311,6430,4562,4487,4386,niet bij tijdens hokceytraining,NA,niet bij tijdens hokceytraining,NA,niet bij tijdens hokceywedstrijd,NA,NA,12257,2489,8.7,330,13984,0,9.9,290,12975,3918,9.2,325,5560,0,3.9,84,11835,5712,8.4,341,3957,4487,2.8,77,4346,1201,3,92,NA,NA,NA,NA,NA,NA,NA,broekzak,broekzak,broekzak,broekzak,broekzak,broekzak,broekzak,3,1,30,4,0,20,0,NA,NA,NA,7,NA,Yes,Yes,Yes,Yes,Yes,Yes,Yes
26,2019,Female,21,Living_with_parents,5000,5,5,5,2,1,30,6,NA,40,6,NA,20,2796,10,NA,6,6,6,4,4,4,Omron & app,8799,5585,6599,1547,6072,6453,10722,Telefoon niet de hele tijd op zak,Telefoon niet de hele tijd op zak,Telefoon niet de hele tijd op zak,Telefoon niet de hele tijd op zak,Telefoon niet de hele tijd op zak,Telefoon niet de hele tijd op zak,Telefoon niet de hele tijd op zak,11508,0,8,250,7006,0,4.9,171,7155,0,5,159,4667,0,3.2,25,8076,1820,5.6,197,7567,0,5.2,190,11250,4985,7.8,329,NA,NA,NA,NA,NA,NA,NA,broekrand,broekrand,broekrand,broekrand,broekrand,broekrand,broekrand,1,1,NA,6,NA,40,3,NA,20,1638,NA,12,Yes,Yes,Yes,Yes,Yes,Yes,Yes
27,2019,Female,20,Living_with_parents,5000,6,5,5.5,6,1,30,7,NA,30,2,NA,30,5358,8,NA,6,6,6,6,6,6,Omron & app,13418,6293,5805,4345,2761,2176,10244,NA,NA,NA,NA,NA,NA,NA,14077,1321,9,279,5818,1805,3.7,111,8140,2973,5.2,192,4064,2492,2.6,64,4099,2041,2.6,72,5019,0,3.2,60,10297,2760,6.5,230,NA,NA,NA,NA,niet meegenomen naar werk,NA,NA,broekzak,broekzak,broekzak,broekzak,broekzak,broekzak,broekzak,4,2,NA,7,NA,30,4,NA,30,5076,6,NA,Yes,Yes,Yes,Yes,No,Yes,Yes
28,2019,Female,17.8,Moved_out,8000,2,3,2.5,1,1,30,5,NA,30,7,1,NA,2706,12,NA,6,7,6.5,0,5,2.5,Omron & app,8428,6441,5211,4205,5753,4794,7192,NA,NA,NA,NA,NA,NA,NA,8358,1655,6.1,130,6610,0,4.8,80,7847,0,5.7,62,11650,3136,8.5,130,8211,3023,5.9,92,4459,0,3.2,51,7400,2523,5.4,114,NA,NA,NA,NA,NA,NA,NA,broekzak,broekzak,broekzak,broekrand,broekrand,broekzak,broekzak,0,NA,NA,7,NA,15,7,1,NA,NA,7,NA,Yes,Yes,Yes,Yes,Yes,Yes,Yes
29,2019,Male,23,Moved_out,NA,6,6,6,4,1,30,6,NA,30,7,NA,20,4062,8,30,6,7,6.5,5,5,5,Omron & app,12124,10868,12855,8526,5090,9160,13725,NA,NA,NA,NA,NA,NA,NA,12034,1574,9.8,367,6150,0,5.1,125,5989,2095,4.9,161,0,0,0,0,0,0,0,0,5413,1302,4.4,146,13812,0,11.4,397,NA,NA,"In Delft laten liggen, toen ik op bezoek was in Haarlem.","In Delft laten liggen, toen ik op bezoek was in Haarlem.","In Delft laten liggen, toen ik op bezoek was in Haarlem.",NA,NA,Broekzak,Broekzak,Broekzak,NA,NA,Broekzak,Broekzak,4,1,20,6,1,NA,7,2,NA,6772,6,NA,Yes,Yes,Unsure,No,No,Unsure,Yes
30,2019,Female,22.1,Moved_out,9000,1,2,1.5,1,0,50,0,NA,NA,6,0,20,NA,8,0,6,6,6,2,5,3.5,Omron & app,6953,6723,6353,8398,6795,10582,7722,NA,NA,NA,NA,NA,NA,NA,6717,0,4.9,185,6390,1178,4.7,185,6019,0,4.4,185,8323,4303,6.1,246,6941,2883,5.1,207,10717,4478,7.9,330,7189,2040,5.3,214,NA,NA,NA,NA,NA,NA,NA,broekzak,broekzak,broekzak,broekzak,broekzak,broekzak,broekzak,0,NA,NA,0,NA,NA,3,0,20,NA,8,0,Yes,Yes,Yes,Yes,Yes,Yes,Yes
31,2019,Male,22,Living_with_parents,5000,4,3,3.5,2,2,0,6,2,0,6,0,30,5394,8,0,7,5,6,2,6,4,Omron & app,12720,9439,5582,9109,7052,5035,6745,NA,NA,NA,NA,NA,NA,NA,11955,0,9.8,279,11805,1490,9.6,238,4847,0,3.9,92,7527,1660,6.1,215,1859,0,1.5,35,4725,0,3.8,103,6808,0,5.5,176,NA,NA,NA,NA,vergeten op delen van de dag,NA,NA,riem,riem,riem,riem,riem,riem,riem,3,1,30,2,2,0,2,3,0,4308,7,0,Yes,Yes,Yes,Yes,No,Yes,Yes
32,2019,Male,22.4,Moved_out,8000,7,7,7,5,1,NA,7,1,NA,7,0,12,4357.2,6,NA,7,7,7,4,6,5,Omron & app,6736,1096,7688,7356,8045,7773,9529,NA,NA,NA,NA,NA,NA,NA,5325,0,3.7,124,9080,3356,6.3,273,6591,1101,4.6,163,7092,3253,4.9,181,9095,0,6.3,211.68,7163,0,5,168,8923,0,6.2,208.32,NA,NA,NA,NA,NA,NA,NA,broekzak,broekzak,broekzak,broekzak,broekzak,broekzak,broekzak,4,1,30,7,NA,30,7,NA,30,4413,6,NA,Yes,Yes,Yes,Yes,Yes,Yes,Yes
33,2019,Female,20.8,Living_with_parents,6000,5,4,4.5,2,1,30,5,1,NA,2,NA,20,2772,10,NA,5,6,5.5,5,4,4.5,Omron & app,4735,6944,7282,2410,6003,5089,1046,NA,NA,NA,Hele dag gewerkt zonder telefoon,NA,NA,NA,4905,0,3.5,105,7660,0,5.5,139,5738,0,4.1,90,4692,0,3.3,42,6182,5180,4.4,261,4079,0,2.9,79,11572,5413,8.3,443,NA,NA,NA,NA,NA,NA,NA,Broekzak,Riem,Broekzak,Riem,Riem,Riem,Riem,3,1,30,5,1,NA,7,1,NA,4746,10,NA,Yes,Yes,Yes,Yes,Yes,Yes,Yes
34,2019,Male,19.4,Living_with_parents,10000,6,6,6,3,2,0,2,4,0,7,1,0,NA,NA,NA,7,6,6.5,2,3,2.5,Omron & app,12338,5906,5803,NA,7870,15498,23079,NA,NA,NA,NA,NA,NA,NA,13047,1196,10,145,10023,1626,7.7,197,5803,7973,0,56,NA,NA,25.3,618,4580,1320,3.5,82,12947,3676,9.9,338,20001,4824,15.4,425,NA,NA,NA,NA,NA,NA,NA,broekrand,broekrand,broekrand,broekrand,broekrand,broekrand,broekrand,3,2,30,7,0,30,6,1,0,NA,NA,NA,Yes,Yes,Yes,Yes,Yes,Yes,Yes
35,2019,Female,23,Moved_out,1100,3,3,3,3,1,0,7,0,45,7,1,0,4086,7,0,5,5,5,5,4,4.5,Omron & app,12581,11299,7605,1683,5054,8432,11672,NA,NA,NA,NA,NA,NA,NA,13176,0,11,0,11789,0,0,0,7345,0,5,98,1359,0,0,0,5233,0,5,108,5867,0,0,0,15036,0,13,437,NA,NA,tijdens de tu lag hij nog thuis,vergeten,lang uitgeslapen,in de avond vergeten om te doen,NA,broekrand,broekrand,broekrand,broekrand,broekrand,broekrand,broekrand,2,NA,45,7,1,NA,0,NA,NA,NA,6,NA,Yes,Yes,No,No,No,No,Yes
36,2019,Female,19.7,Living_with_parents,NA,5,5,5,1,1,NA,5,1,NA,7,NA,30,2373,12,NA,6,6,6,5,5,5,Omron & app,8157,4090,5472,273,8357,5312,4737,NA,NA,NA,telefoon niet heel de dag bij mij gehad,NA,NA,NA,7959,0,6.7,196,4286,0,3.6,106,12838,6930,10.9,402,1171,0,0.9,11,7625,2988,6.4,154,4783,0,4,122,4846,0,4.1,113,NA,NA,NA,NA,NA,NA,NA,broekrand,broekrand,broekrand,broekrand,broekrand,broekrand,broekrand,1,1,0,6,1,NA,6,NA,30,2514,12,NA,Yes,Yes,Yes,Unsure,Yes,Yes,Yes
37,2019,Male,26.3,Living_with_parents,7000,4,5,4.5,4,1,NA,3,0,10,7,NA,30,2733,4,NA,6,6,6,4,6,5,Omron & app,10822,6616,4445,2149,2555,5263,12817,NA,NA,NA,NA,NA,NA,NA,10150,1921,6,343,6388,0,3.8,218,3833,0,2.2,150,1270,0,0.7,30,2153,0,1.2,18,5031,1833,3,177,16413,4745,9.8,645,NA,NA,NA,NA,NA,NA,NA,Riem,Riem,Riem,Riem,Riem,Riem,Riem,3,NA,NA,5,NA,NA,5,NA,NA,0,4,NA,Yes,Yes,Yes,Yes,Yes,Yes,Yes
38,2019,Female,18.2,Living_with_parents,3000,4,3,3.5,3,1,NA,6,1,NA,7,NA,30,3573,9,NA,5,5,5,4,4,4,Omron & app,7250,180,5912,145,46,7616,7034,NA,NA,NA,NA,NA,NA,NA,7215,0,5.4,160,7164,0,5.3,149,7635,1940,5.7,169,10459,4427,7.8,185,5619,1701,4.2,94,10001,2281,7.5,204,7503,0,5.6,153,NA,NA,NA,NA,NA,NA,NA,broekrand,broekrand,broekrand,broekrand/jaszak,broekrand,broekrand,broekrand,1,1,NA,6,NA,40,7,NA,30,2133,7,NA,Yes,Yes,Yes,Yes,Yes,Yes,Yes
39,2019,Male,20.2,Living_with_parents,6000,7,5,6,3,3,NA,7,1,NA,7,1,NA,7386,6,NA,7,6,6.5,6,5,5.5,Omron & app,10836,12056,4315,2439,5498,11991,6702,NA,NA,NA,NA,NA,NA,NA,9974,0,6.6,199,10973,4546,7.3,254,3915,0,2.6,85,2789,0,1.8,16,4135,0,2.7,73,10870,2196,7.2,254,6291,0,4.2,150,NA,NA,NA,NA,NA,NA,NA,broekzak,broekzak/sok,broekzak,broekzak,broekzak,broekzak/sok,broekzak,2,2,NA,7,0,30,7,1,30,4839,7,NA,Yes,Yes,Yes,Yes,Yes,Yes,Yes
40,2019,Female,18.1,Moved_out,7000,4,4,4,1,0,40,6,NA,30,2,NA,30,1238,8,NA,6,6,6,5,4,4.5,Omron & app,16545,8072,25732,27131,25507,8564,20402,telt stappen tijdens fietsen,telt stappen tijdens fietsen,telt stappen tijdens autorijden,NA,telt stappen tijdens autorijden/OV gebruiken,telt stappen tijdens fietsen,telt stappen tijdens fietsen,13960,7709,9,433,4667,0,3,64,17426,5008,11.3,278,29370,5633,19,616,12706,3879,8.2,197,1652,0,1,25,8908,1211,5.7,160,NA,NA,NA,NA,NA,Thuis vergeten in de ochtend,Vergeten meenemen tijdens looptraining,Horizontaal aan broek,Horizontaal aan broek,Horizontaal aan broek,Horizontaal(?) in fannypack,Horizontaal(?) in fannypack,Horizontaal aan broek,Horizontaal aan broek,2,0,45,3,0,15,6,2,NA,3276,2,30,Yes,Yes,Yes,Yes,Yes,No,No
41,2019,Female,22,Living_with_parents,5000,3,2,2.5,1,NA,NA,5,NA,NA,3,NA,NA,0,NA,NA,4,3,3.5,3,3,3,Omron & app,4045,4197,11428,7260,4195,6423,5134,NA,NA,NA,NA,NA,NA,NA,4329,0,3.2,94,4277,0,3.2,110,11185,5276,8.5,307,7320,4442,5.5,189,4142,0,3.1,35,5818,0,4.4,129,5133,0,3.9,115,NA,NA,NA,NA,NA,NA,NA,riem/broekrand,riem/broekrand,broekzak,broekzak,broekzak,broekzak,broekzak,1,NA,NA,2,NA,NA,4,NA,NA,0,NA,NA,Yes,Yes,Yes,Yes,Yes,Yes,Yes
42,2019,Female,20.3,Moved_out,12000,7,6,6.5,3,2,0,7,1,0,3,0,10,4659,6,0,7,6,6.5,6,5,5.5,Omron & app,8615,5368,9535,11165,6797,10651,17300,/,Hockeytraining,/,/,Hockeywedstrijd,/,Hockeytraining,6290,2739,7.4,127,4786,1524,4.1,78,6892,3798,6.3,203,10372,7255,7.8,301,5937,3425,6.1,189,8936,6093,7.6,245,14039,9673,9.2,378,NA,NA,NA,Prive omstandigheden (nare familiegebeurtenis),NA,NA,Perongeluk thuis laten liggen,broekzak,broekzak,broekzak,broekzak,broekzak,broekzak,broekzak,3,2,0,7,0,30,4,0,15,3918,5,0,Yes,Yes,Yes,No,Yes,Yes,No
43,2019,Male,20.4,Living_with_parents,10000,6,7,6.5,3,2,30,3,0,30,7,0,45,4999.5,10,NA,7,7,7,6,3,4.5,Omron & app,16972,17711,9520,7917,9657,13929,24539,NA,NA,NA,NA,NA,NA,NA,15240,8106,11.5,713,18987,11571,13.3,694,10376,4409,7.8,289,8727,2352,6.6,98,6281,1176,4.7,69,11305,5210,8.5,464,22674,11706,16.4,741,NA,NA,NA,NA,NA,NA,NA,broekrand,broekrand,broekrand,broekrand,broekrand,broekrand,broekrand,5,2,NA,3,NA,45,4,NA,30,5736,10,NA,Yes,Yes,Yes,Yes,Yes,Yes,Yes
44,2019,Female,19.4,Living_with_parents,7000,2,2,2,1,1,30,6,NA,35,7,NA,30,2253,8,NA,5,6,5.5,4,3,3.5,Omron & app,9130,11971,4994,7825,7625,9009,9224,Telefoon thuis gelaten tijdens boodschappen doen.,NA,NA,NA,NA,NA,NA,9612,1622,7.6,210,11649,1562,9.3,271,5085,0,4,78,5468,1310,4.3,101,3739,1105,2.9,73,0,0,0,0,6785,1289,5.4,181,NA,NA,NA,Halverwege de dag omgekleed en toen vergeten weer om te doen.,Pas in de middag omgedaan.,Thuis vergeten.,Halverwege de dag omgekleed en toen vergeten weer om te doen.,Heup,Heup,Middel,Middel,Middel,NA,Heup,1,1,30,5,NA,30,6,NA,30,1914,8,NA,Yes,Yes,Yes,No,No,No,No
45,2019,Male,19.3,Moved_out,NA,7,5,6,7,1,0,5,1,10,4,0,10,4892,5,NA,5,5,5,6,4,5,Omron & app,10624,6451,9984,1293,3634,5851,9066,NA,NA,NA,Niet de hele dag bij me gehad,NA,NA,NA,8260,2034,8,169,6451,1320,4.8,102,9015,2180,7.5,159,10312,5012,9.5,175,3412,403,2.7,58,4956,4965,4.3,94,7935,7935,6.8,145,NA,NA,NA,NA,NA,NA,NA,NA,NA,NA,NA,NA,NA,NA,5,1,NA,4,0,30,7,0,20,3342,5,0,Yes,Yes,Yes,Unsure,Unsure,Yes,Yes
46,2019,Female,18.1,Living_with_parents,NA,7,6,6.5,4,2,0,5,NA,30,7,NA,30,5133,9,NA,7,7,7,5,5,5,Omron & app,8875,5988,12064,7258,6432,10229,9060,Niet mee bij training,Niet mee bij training,NA,NA,NA,Niet mee bij training,Niet mee bij training,11663,0,9.3,342,10089,1047,8,241,10532,2106,8.4,264,6381,0,5.1,117,5840,0,4.6,100,10035,0,8,234,11972,0,9.5,310,NA,NA,NA,NA,NA,NA,NA,riem/broekrand,riem/broekrand,riem/broekrand,riem/broekrand,riem/broekrand,riem/broekrand,riem/broekrand,4,2,0,7,0,30,7,0,30,5373,9,0,Yes,Yes,Yes,Yes,Yes,Yes,Yes
47,2019,Male,20,Moved_out,6500,2,2,2,0,NA,NA,7,4,NA,7,2,NA,NA,7,NA,6,6,6,5,5,5,Omron & app,12984,4757,5611,4295,7947,6497,6596,Feest van de Studievereniging,NA,NA,NA,NA,NA,NA,12158,0,9700,344,4690,0,3700,74,5611,0,2400,52,4295,0,2700,72,7947,0,3200,93,6497,0,5900,159,6596,0,2900,98,NA,NA,NA,NA,NA,NA,NA,broekrand,broekrand,broekrand,broekrand,broekrand,broekrand,broekrand,1,3,30,0,NA,NA,3,1,NA,NA,10,NA,Yes,Yes,Yes,Yes,Yes,Yes,Yes
48,2019,Female,22.7,Moved_out,7000,2,2,2,0,NA,NA,2,NA,30,7,1,NA,NA,7,NA,5,5,5,5,3,4,NA,NA,NA,NA,NA,NA,NA,NA,NA,NA,NA,NA,NA,NA,NA,NA,NA,NA,NA,NA,NA,NA,NA,NA,NA,NA,NA,NA,NA,NA,NA,NA,NA,NA,NA,NA,NA,NA,NA,NA,NA,NA,NA,NA,NA,NA,NA,NA,NA,NA,NA,NA,NA,NA,NA,NA,NA,NA,NA,NA,NA,NA,NA,NA,NA,NA,NA,NA,NA,NA,NA,NA,NA,NA,NA,NA
49,2019,Female,19.7,Moved_out,7000,4,2,3,0,NA,NA,5,NA,30,7,NA,30,NA,8,NA,6,6,6,6,6,6,NA,NA,NA,NA,NA,NA,NA,NA,NA,NA,NA,NA,NA,NA,NA,NA,NA,NA,NA,NA,NA,NA,NA,NA,NA,NA,NA,NA,NA,NA,NA,NA,NA,NA,NA,NA,NA,NA,NA,NA,NA,NA,NA,NA,NA,NA,NA,NA,NA,NA,NA,NA,NA,NA,NA,NA,NA,NA,NA,NA,NA,NA,NA,NA,NA,NA,NA,NA,NA,NA,NA,NA,NA,NA,NA,NA
50,2019,Female,21,Living_with_parents,5000,4,4,4,3,2,0,2,2,0,6,3,0,7404,5,0,6,6,6,4,3,3.5,Omron & app,6266,9226,4591,43,8216,8204,3892,NA,NA,NA,NA,NA,NA,NA,9061,1127,6.1,180,9820,5952,6.6,222,5146,1271,3.4,105,410,0,2,0,8697,4132,5.9,128,8815,5735,5.9,196,4391,0,2.9,73,NA,NA,NA,NA,NA,NA,NA,broekrand,broekrand,broekrand,broekzak,broekrand,broekrand,broekrand,3,2,NA,5,1.5,NA,1,4,NA,5472,5,NA,Yes,Yes,Yes,Yes,Yes,Yes,Yes
51,2019,Female,23.2,Moved_out,5000,3,4,3.5,1,1,30,7,1,30,7,1,0,4626,7,30,7,7,7,5,5,5,Omron & app,11313,5229,10715,15596,2411,895,5962,NA,NA,NA,NA,NA,NA,NA,11133,1166,8.3,259,4877,0,3.5,79,6055,0,4.5,127,14708,0,11,270,0,0,0,0,0,0,0,0,5092,0,3.8,112,NA,NA,NA,NA,Zaterdagnacht pols gebroken dus alleen op bed en de bank gelegen.,Zaterdagnacht pols gebroken dus alleen op bed en de bank gelegen.,NA,Riem,Riem,Riem,Broekzak,NA,NA,Broekzak,1,2,NA,1,4,30,7,1,NA,3426,7,NA,Yes,Yes,Yes,Yes,No,No,Yes
52,2019,Male,18.4,Moved_out,6000,5,5,5,2,NA,30,5,NA,40,4,NA,20,1544,7,NA,5,5,5,3,4,3.5,Omron & app,5521,7915,18190,14250,18641,11771,5191,NA,NA,NA,NA,NA,NA,NA,4947,0,3.8,98,5978,0,4.2,106,15640,2237,11.8,305,10779,1225,8.1,190,16433,1338,12.4,333,9439,3777,7.1,232,4422,0,3.3,90,NA,NA,NA,NA,NA,NA,NA,riem,riem,riem,riem,riem,riem,riem,0,NA,NA,3,NA,30,5,4,0,NA,6,NA,Yes,Yes,Yes,Yes,Yes,Yes,Yes
53,2019,Male,23.6,Living_with_parents,7000,5,6,5.5,3,2,0,5,1,30,7,3,20,9300,5,30,7,6,6.5,6,6,6,NA,NA,NA,NA,NA,NA,NA,NA,NA,NA,NA,NA,NA,NA,NA,NA,NA,NA,NA,NA,NA,NA,NA,NA,NA,NA,NA,NA,NA,NA,NA,NA,NA,NA,NA,NA,NA,NA,NA,NA,NA,NA,NA,NA,NA,NA,NA,NA,NA,NA,NA,NA,NA,NA,NA,NA,NA,NA,NA,NA,NA,NA,NA,NA,NA,NA,NA,NA,NA,NA,NA,NA,NA,NA,NA,NA
54,2019,Male,20.4,Living_with_parents,7000,4,5,4.5,2,1,NA,4,1,NA,2,3,NA,3108,9,NA,5,5,5,5,6,5.5,Omron & app,14298,11800,22538,8715,5892,11629,18263,NA,NA,NA,NA,NA,NA,NA,12529,2014,9.5,218,7272,0,5.5,158,16597,1302,12.6,399,7013,0,5.3,103,5144,0,3.9,145,9046,0,6.8,221,12653,0,9.6,239,NA,NA,NA,NA,NA,NA,NA,riem,riem,riem,riem,riem,riem,riem,4,1,NA,6,1,NA,1,NA,10,3393,8,40,Yes,Yes,Yes,Yes,Yes,Yes,Yes
55,2019,Male,21,Moved_out,6000,4,4,4,2,1,30,7,0,50,4,0,10,2972,8,NA,5,6,5.5,6,5,5.5,Omron,NA,NA,NA,NA,NA,NA,NA,NA,NA,NA,NA,NA,NA,NA,16332,0,12.4,296,12083,0,9.1,233,9899,2235,7.5,177,3506,0,2.6,54,9853,0,7.4,203,4314,0,3.2,48,13014,0,9.8,222,NA,NA,NA,NA,NA,NA,NA,broekzak en sok,broekzak,broekzak,broekzak,broekzak en sok,broekzak,broekzak,2,1,NA,6,0,30,2,NA,10,1746,8,NA,Yes,Yes,Yes,Yes,Yes,Yes,Yes
56,2019,Female,21.8,Moved_out,12000,6,5,5.5,2,1,0,4,0,30,3,0,10,1539,8,0,6,6,6,6,4,5,Omron & app,9842,4087,4647,1687,4975,3544,4145,NA,NA,NA,NA,Telefoon amper bij me gehad ivm werk,NA,NA,0,0,0,0,8657,0,6.7,251,1796,0,2,57,8704,0,6.7,47,4371,0,3.4,90,3261,0,2.5,49,2328,0,1.8,35,Compleet de hele opdracht vergeten,NA,Andere broek aangedaan en stappenteller niet overgezet,NA,NA,Deels vergete,NA,NA,NA,NA,NA,NA,NA,NA,2,1,0,5,0,20,6,0,30,1954,8,0,No,Yes,No,Yes,Yes,Unsure,Yes
57,2019,Female,22,Moved_out,5000,2,2,2,0,NA,NA,5,NA,30,5,NA,20,NA,8,NA,4,4,4,0,5,2.5,NA,NA,NA,NA,NA,NA,NA,NA,NA,NA,NA,NA,NA,NA,NA,NA,NA,NA,NA,NA,NA,NA,NA,NA,NA,NA,NA,NA,NA,NA,NA,NA,NA,NA,NA,NA,NA,NA,NA,NA,NA,NA,NA,NA,NA,NA,NA,NA,NA,NA,NA,NA,NA,NA,NA,NA,NA,NA,NA,NA,NA,NA,NA,NA,NA,NA,NA,NA,NA,NA,NA,NA,NA,NA,NA,NA
58,2019,Female,NA,Moved_out,NA,3,4,3.5,NA,NA,NA,NA,NA,NA,NA,NA,NA,NA,NA,NA,NA,NA,NA,NA,NA,NA,Omron & app,8591,8305,5743,12376,11576,6773,7256,NA,NA,NA,NA,NA,NA,NA,5925,849,4200,66,11048,3387,10100,227,3191,0,2300,31,17565,7694,NA,283,4688,1618,3400,54,1689,0,1200,6,7256,0,4400,95,Om 18.00u heb ik de stappenteller afgedaan om te gaan hardlopen en vervolgens heb ik niet opnieuw bevestigd.,NA,NA,NA,"�s Avonds heb ik het apparaat afgedaan, omdat ik mij niet lekker voelde en naar bed ging.",Ik was ziek en dacht dat het niet veel zou toevoegen wanneer ik de stappenteller in bed zou dragen.,Ik was ziek en dacht dat het niet veel zou toevoegen wanneer ik de stappenteller in bed zou dragen.,broekrand,broekrand en sok,broekrand,broekrand en sok,broekzak,broekzak,broekrand,3,2,NA,5,NA,50,5,NA,NA,3880,NA,NA,No,Yes,Yes,Yes,No,No,No
59,2019,Female,20.4,Moved_out,6000,5,4,4.5,1,0,30,6,1,0,7,1,0,3066,8,0,6,7,6.5,2,6,4,Omron & app,5417,7021,9088,4905,7951,6570,8480,NA,NA,NA,Mobiel niet heel de dag bij me gehad,NA,NA,NA,3852,0,2.8,NA,4734,0,3.5,NA,8217,2184,6.1,NA,5134,3245,3.8,NA,8185,0,6.1,NA,4875,0,3.6,NA,5755,0,4.3,NA,NA,NA,NA,NA,NA,NA,NA,broekzak,broekzak,broekzak,broekzak,broekzak,broekzak,broekzak,2,1,0,4,0,30,3,1,NA,2034,8,0,Yes,Yes,Yes,Yes,Yes,Yes,Yes
60,2019,Male,19.1,Living_with_parents,8000,7,6,6.5,3,1,30,7,1,NA,7,0,30,4533,4,NA,6,6,6,5,6,5.5,Omron & app,7279,4268,5796,2012,915,2223,2920,NA,NA,NA,NA,NA,NA,NA,11487,1144,9.6,340,9963,3368,8.3,245,11537,0,9.6,243,5215,0,4.3,112,1668,0,1.1,4,5928,0,4.9,110,3711,0,3.1,59,NA,NA,NA,NA,NA,NA,NA,broekzak,broekzak,broekzak,broekzak,broekzak,broekzak,broekzak,2,NA,NA,7,NA,NA,4,NA,NA,0,4,30,Yes,Yes,Yes,Yes,Yes,Yes,Yes
61,2019,Female,20.8,Living_with_parents,6000,5,3,4,2,1,30,5,0,45,5,1,NA,3330,10,NA,5,5,5,5,4,4.5,Omron & app,3999,4505,4130,460,425,2614,6810,"Dit geldt eigenlijk voor alle dagen: in huis heb ik mijn telefoon niet continu bij me, en tijdens trainingen natuurlijk ook niet",NA,NA,NA,NA,NA,NA,4160,0,3.1,67,5108,0,3.8,104,4996,1248,2.7,101,2228,0,1.6,1,971,0,0.7,5,7520,2513,5.6,163,9934,1136,7.4,206,NA,NA,NA,NA,NA,NA,NA,broekrand,broekrand,broekrand,broekrand,broekrand,broekrand,broekrand,1,1,NA,5,0,45,2,0,15,1479,9,NA,Yes,Yes,Yes,Yes,Yes,Yes,Yes
62,2019,Male,19.3,Living_with_parents,4000,4,3,3.5,0,NA,NA,4,1,30,4,0,20,NA,9,0,6,6,6,5,5,5,Omron & app,4750,9577,9006,1075,5861,5576,9241,NA,NA,NA,NA,NA,NA,NA,4911,0,4.4,120,6657,0,5.9,125,4590,0,4.1,89,5886,4234,5.2,220,5693,0,5.1,66,6343,0,5.7,98,9384,1198,8.4,210,NA,NA,NA,NA,NA,NA,NA,broekzak,broekzak,broekzak,broekzak,broekzak,broekzak,broekzak,1,0,30,5,1,0,5,0,15,1687.5,13,0,Yes,Yes,Yes,Yes,Yes,Yes,Yes
63,2019,Male,18.6,Living_with_parents,6000,7,4,5.5,4,1,30,7,1,0,7,1,0,5946,10,0,5,4,4.5,2,4,3,Omron & app,10065,7212,9569,4377,1386,4613,5472,NA,NA,op het werk niet gedragen,NA,NA,NA,NA,9485,0,8.1,232,6179,0,5.3,125,11517,2566,9.9,230,5007,0,4.3,37,935,0,0.8,1,4334,0,3.7,89,4807,0,4.1,103,NA,NA,NA,NA,NA,NA,NA,broekzak,broekzak,broekzak,broekzak,broekzak,broekzak,broekzak,4,1,30,4,0,20,3,0,20,3398,8,0,Yes,Yes,Yes,Yes,Yes,Yes,Yes
64,2019,Male,21,Living_with_parents,4800,3,3,3,4,2,0,6,1,0,6,1,0,6468,7,0,5,5,5,6,5,5.5,Omron & app,4150,546,2464,1562,1774,2982,4981,NA,"Werk, app niet gebruikt",NA,"Werk, app niet gebruikt",NA,NA,NA,5232,0,4.1,182,6501,0,5.3,51,5430,0,4.4,212,7242,0,5.9,28,3829,2522,3.1,167,4708,0,3.8,123,6755,0,5.5,258,NA,Vergeten,NA,NA,NA,NA,NA,Riem,Riem,Riem,Riem,Riem,Riem,Riem,3,1,30,6,2,0,3,2,0,6228,7,0,Yes,No,Yes,Yes,Yes,Yes,Yes
65,2019,Female,23,Living_with_parents,4000,3,2,2.5,0,NA,NA,3,0,30,7,1,10,NA,9,NA,6,6,6,6,4,5,Omron & app,3032,2272,9329,971,2366,4122,10924,NA,NA,NA,NA,NA,NA,NA,3702,0,2.8,84,470,0,0.3,2,8289,0,6.3,237,1063,0,0.8,15,2513,2332,1.9,67,3196,0,2.4,82,9102,1332,7,247,NA,ik had rijexamen en was hem vergeten,NA,ik kreeg een blessure die dag en had hem toen afgedaan,ik heb hem alleen gedragen toen ik een stukje ging wandelen,NA,NA,broek,broek,broek,broek,jaszak,tas,tas,1,NA,30,3,1,0,7,NA,45,1999.5,8,NA,Yes,No,Yes,No,No,Yes,Yes
66,2019,Female,19.4,Living_with_parents,5000,3,3,3,0,NA,NA,1,1,0,2,0,20,NA,14,0,5,5,5,2,4,3,Omron & app,1620,4451,2580,2380,348,5446,6732,Pas aangezet rond 13:00,NA,NA,NA,NA,NA,NA,2607,0,2,62,4198,0,3.2,103,2799,0,2.1,57,2010,0,1.5,54,618,0,0.4,0,4782,0,3.7,137,5908,0,4.8,169,'s ochtends vergeten om te doen. Rond 13:00 omgedaan (wel bijna 10 uur dus),NA,NA,NA,NA,NA,NA,broekrand,broekrand,in zak lang vest,broekrand,broekrand,broekrand,broekrand,0,NA,NA,1,0,30,2,0,20,NA,13,0,No,Yes,Yes,Yes,Yes,Yes,Yes
67,2019,Female,22.6,Living_with_parents,7800,7,6,6.5,3,1,30,6,NA,30,7,NA,30,3573,9,NA,7,6,6.5,4,3,3.5,Omron & app,4878,6979,7176,9174,5320,7911,11867,NA,NA,NA,NA,NA,NA,NA,5002,0,3.7,86,5788,0,4.3,100,6586,0,4.9,114,9510,0,7.1,140,5225,4357,3.9,277,6865,921,5.1,114,9934,1136,7.4,206,NA,NA,NA,NA,NA,NA,NA,broekrand,broekrand,broekzak,broekzak,broekrand,broekrand,broekrand,2,1,NA,7,1,NA,3,NA,30,2937,6,30,Yes,Yes,Yes,Yes,Yes,Yes,Yes
68,2019,Male,24.4,Living_with_parents,7342,5,3,4,0,NA,NA,2,1,0,1,0,30,NA,9,0,5,3,4,4,3,3.5,NA,NA,NA,NA,NA,NA,NA,NA,NA,NA,NA,NA,NA,NA,NA,NA,NA,NA,NA,NA,NA,NA,NA,NA,NA,NA,NA,NA,NA,NA,NA,NA,NA,NA,NA,NA,NA,NA,NA,NA,NA,NA,NA,NA,NA,NA,NA,NA,NA,NA,NA,NA,NA,NA,NA,NA,NA,NA,NA,NA,NA,NA,NA,NA,NA,NA,NA,NA,NA,NA,NA,NA,NA,NA,NA,NA
69,2019,Female,21.6,Living_with_parents,7000,5,5,5,2,1,30,5,NA,30,7,NA,30,2733,10,NA,6,6,6,5,5,5,Omron & app,8237,4620,3796,3702,1177,5202,11413,Telefoon niet mee in de sportschool,Telefoon niet mee in de sportschool,NA,Telefoon niet mee tijdens werken (horeca),NA,NA,Telefoon niet mee tijdens werken,8242,3944,6.5,211,5733,1474,4.5,126,3494,0,2.7,46,7133,0,5.7,40,1401,0,1.1,6,4155,0,3.3,76,12021,0,9.6,198,NA,NA,NA,NA,NA,NA,NA,Enkel(sporten) en broekzak,Broekzak,Broekzak,Broekzak,Broekzak,Broekzak,Broekzak,2,1,30,4,0,30,7,0,20,2382,11,NA,Yes,Yes,Yes,Yes,Yes,Yes,Yes
70,2019,Female,24.5,Moved_out,7000,5,4,4.5,3,0,45,5,1,NA,5,0,15,2527.5,6,NA,5,4,4.5,6,4,5,Omron & app,10088,8826,2928,12748,3912,6195,9484,NA,NA,NA,NA,NA,NA,NA,8046,1088,6.2,233,9414,2087,7.3,251,14032,0,10.9,400,10776,0,8.4,297,4707,1036,3.6,95,6995,1280,5.4,160,11082,2248,8.6,320,NA,NA,NA,NA,NA,NA,NA,broekzak,broekzak,broekzak,broekzak,broekzak,broekzak,broekzak,0,NA,NA,5,1,0,5,0,30,NA,6,NA,Yes,Yes,Yes,Yes,Yes,Yes,Yes
71,2019,Female,19.1,Moved_out,NA,5,5,5,1,2,0,5,0,30,7,0,45,2599.5,6,0,6,5,5.5,5,6,5.5,Omron & app,8441,7945,21506,13257,5345,5537,12048,nee,"ja, 2000 meer",ja want tel langer bij gehouden,"ja, 6000 meer",nee,nee,"ja, 2 keer zoveel",8020,0,5.9,174,6033,2259,4.4,109,5051,0,3.7,92,7402,4528,5.4,171,5019,2306,3.7,107,6365,0,4,109,6570,0,8.9,197,NA,NA,ik was op een feestje met een jurkje en ik kon hem nergens kwijt,NA,NA,NA,feestje,broekrand,broekrand,broekrand,broekrand,broekrand,broekrand,broekrand,0,NA,NA,3,4,0,3,0,30,NA,6,0,Yes,Yes,No,Yes,Yes,Yes,Unsure
72,2019,Female,20.6,Living_with_parents,6000,5,3,4,1,1,0,6,0,20,1,0,10,993,10,0,5,6,5.5,3,5,4,Omron & app,5102,6187,13827,447,2541,3120,3944,NA,NA,NA,telefoon bijna de hele dag niet meegenomen,NA,NA,1 uur gedanst zonder telefoon (en stappenteller),5675,0,4.1,119,7552,NA,5.5,141,14464,9581,10.7,340,8719,841,6.4,201,2899,0,2.1,27,3486,0,2.5,51,4079,0,3,81,NA,NA,NA,NA,NA,NA,NA,broekrand,broekrand,broekzak,broekzak en broekrand,broekzak,broekzak,broekrand,1,1,0,5,0,30,3,1,15,1822.5,10,0,Yes,Yes,Yes,Yes,Yes,Yes,Yes
73,2019,Female,21,Moved_out,5000,2,2,2,2,1,NA,7,1,30,6,NA,30,4074,5,NA,4,3,3.5,6,4,5,Omron & app,7124,9023,7936,11199,8125,6492,7180,NA,NA,NA,Niet bij gehad tijdens sporten,NA,NA,NA,4567,0,4.3,105,5000,0,3.9,58,12406,0,9.8,275,8585,3655,6.7,182,4479,0,3.5,80,5930,3103,4.6,148,4050,1070,3.1,129,NA,NA,NA,NA,NA,NA,NA,Broekzak,Broekrand,Broekrand,Broekrand,Broekrand,Broekzak,Broekrand,2,1,NA,7,1,NA,7,1,NA,4026,6,NA,Unsure,Unsure,Unsure,Yes,Unsure,Unsure,Unsure
74,2019,Female,17.8,Moved_out,NA,6,6,6,3,1,30,7,0,30,3,0,10,3099,5,0,6,6,6,5,5,5,Omron & app,4656,4416,2247,4305,984,3268,5862,NA,NA,NA,NA,Was hele week ziek dus heel weinig gelopen,NA,NA,4000,0,3.1,80,1548,0,0.3,1,1800,0,0.4,1,4149,0,3.4,85,1980,0,0.5,2,2973,0,2.4,53,4989,0,4.1,100,NA,ging nog niet automatisch om mee te nemen dis verg,niet omgehad bij sporten,NA,NA,Niet omgehad bij sporten,Niet omgehad bij sporten,broek,shirt,Shirt,Shirt,Shirt,Shirt,Shirt,4,1,30,5,0,30,3,0,10,3579,3,0,Unsure,No,Unsure,Yes,Yes,Unsure,Unsure
75,2019,Female,20.9,Living_with_parents,6000,5,5,5,4,1,30,6,1,NA,7,1,NA,5706,4,NA,7,5,6,5,4,4.5,Omron & app,6856,9254,6505,7699,1406,5173,7377,NA,NA,NA,NA,NA,NA,NA,8238,0,6.1,145,11563,0,8.6,277,5441,0,4,68,4342,0,3.2,41,1410,0,1,1,5325,0,3.9,74,9568,2628,7.1,236,NA,NA,NA,NA,NA,NA,NA,Broekzak,Broekzak,Broekzak,Broekzak en bij enkel,Broekzak,Broekzak,Broekzak en aan hardloopschoen,4,1,30,5,2,NA,6,1,40,7260,9,30,Yes,Yes,Yes,Yes,Yes,Yes,Yes
76,2019,Female,20.2,Living_with_parents,6000,5,4,4.5,0,NA,NA,5,0,40,2,0,30,NA,11,0,6,6,6,3,4,3.5,Omron & app,5323,6164,6830,740,3246,8363,4594,NA,NA,NA,NA,NA,NA,NA,5957,0,4.7,130,6613,2501,5.2,137,6686,2181,5.3,139,884,0,0.7,1,3898,0,3.1,57,8529,5723,6.8,199,5016,0,4,95,NA,NA,NA,NA,NA,NA,NA,Broekrand,Broekrand,Broekrand,Broekrand,Broekrand,Broekrand,Broekrand,0,NA,NA,2,0,40,3,1,0,NA,11,0,Yes,Yes,Yes,Yes,Yes,Yes,Yes
77,2019,Male,16.75,Living_with_parents,6000,5,5,5,2,1,30,5,1,15,7,NA,30,3633,10,NA,5,5,5,3,5,4,Omron,NA,NA,NA,NA,NA,NA,NA,NA,NA,NA,NA,NA,NA,NA,5733,0,4.9,70,4824,0,4.1,44,3017,0,2.6,19,8297,2175,7.2,124,615,0,0.5,11,5458,0,4.7,40,3560,0,3,44,NA,NA,NA,NA,"Omron vergeten mee te nemen toen ik zo'n 7,0 km ging wandelen",NA,NA,broekzak,broekzak,broekzak,broekzak,broekzak,broekzak,broekzak,1,1,30,5,1,20,7,1,30,4399,9,NA,Yes,Yes,Yes,Yes,No,Yes,Yes
78,2019,Female,20.5,Living_with_parents,5000,5,4,4.5,0,NA,NA,5,0,20,7,2,0,NA,7,0,6,6,6,6,6,6,Omron & app,8646,6151,10589,2203,1692,4947,8380,NA,NA,NA,NA,NA,NA,NA,8876,2657,6.7,246,3637,0,2.7,81,4508,0,3.4,96,1514,0,1.1,15,0,0,0,0,4016,0,3,86,8240,0,6.2,197,NA,NA,NA,Deels vergeten,Vergeten,NA,NA,Broekrand,Broekrand,Broekrand,Broekrand,Niet,Broekrand,Broekrand,0,NA,NA,5,1,30,1,0,30,NA,10,0,Yes,Yes,Yes,Unsure,No,Yes,Yes
79,2019,Female,21.9,Moved_out,5000,1,2,1.5,0,NA,NA,6,0,40,3,0,20,NA,8,10,6,3,4.5,4,5,4.5,Omron & app,9558,3913,6817,4895,2385,2751,5550,NA,NA,NA,NA,NA,NA,NA,6886,2634,5.5,171,3038,0,2.4,49,5891,0,4.7,139,6034,3691,4.9,152,1763,0,1.3,24,2398,0,1.9,57,8197,4865,6.5,159,NA,NA,s ochtends vergeten,NA,NA,NA,NA,broekrand,broekrand,broekrand,broekrand,broekrand,broekrand,broekrand,0,NA,NA,1,1,30,2,NA,30,NA,6,0,Yes,Yes,No,Yes,Yes,Yes,Yes
80,2019,Male,24.78,Living_with_parents,7500,5,6,5.5,5,3,30,4,0,45,6,1,30,10902,4,30,6,5,5.5,4,5,4.5,Omron & app,6053,5505,3669,15015,1417,4335,9108,NA,Telefoon niet aanwezig tijdens training,NA,Telefoon niet aanwezig tijdens wedstrijd,NA,Telefoon niet aanwezig tijdens training,Telefoon niet aanwezig tijdens wedstrijd,5884,0,4.7,170,11863,1164,9.6,324,3771,0,3,80,18166,1088,14.7,335,1767,0,1.4,4,8794,0,7.1,194,12994,4686,10.5,379,NA,NA,NA,NA,NA,NA,NA,Broekrand,"Broekrand, tijdens training in sok",Broekrand,"Broekrand, tijdens wedstrijd in sok",Broekrand,"Broekrand, tijdens training in sok","Broekrand, tijdens wedstrijd in sok",4,8,45,2,1,0,3,0,50,17775,24,0,Yes,Yes,Yes,Yes,Yes,Yes,Yes
81,2019,Male,17.5,Moved_out,5000,6,5,5.5,3,1,0,7,0,30,3,0,10,2379,4,0,6,6,6,4,5,4.5,Omron & app,7774,17231,4720,8196,6628,9875,4972,NA,NA,NA,NA,NA,NA,NA,6604,0,4.8,110,12456,0,12.7,393,6525,0,3.4,104,9859,1114,7.2,224,4724,1338,3.4,94,7497,0,8.2,254,5483,0,3.7,126,NA,NA,NA,NA,NA,Vergeten,Vergeten,Broekzak,Broekzak,Broekzak,Broekzak,Broekzak,Broekzak,Broekzak,2,1,0,7,1,0,4,0,30,3036,4,0,Yes,Yes,Yes,Yes,Yes,No,No
82,2019,Female,18,Moved_out,NA,5,3,4,3,1,NA,7,1,NA,3,20,NA,15000,8,NA,7,7,7,0,2,1,Omron & app,5362,15043,5686,8094,1933,6062,5038,NA,"Indoor training gevolgd zonder telefoon, maar met omron.",NA,NA,NA,"Getraind op de ergometer, zonder telefoon maar met ergo.",NA,4728,0,3400,67,15236,0,11700,275,4148,0,3100,49,7203,1659,5500,97,1932,0,1400,19,5676,0,4300,75,4946,0,3800,71,NA,NA,NA,NA,NA,NA,NA,Broekzak,Broekzak,Broekzak,Broekzak,Broekzak,Broekzak,Broekzak,2,1,NA,6,30,NA,1,30,NA,NA,10,NA,Yes,Yes,Yes,Yes,Yes,Yes,Yes
83,2019,Male,22,Living_with_parents,6500,3,4,3.5,4,1,30,6,1,30,2,4,0,6624,5,0,5,4,4.5,3,6,4.5,NA,NA,NA,NA,NA,NA,NA,NA,NA,NA,NA,NA,NA,NA,NA,NA,NA,NA,NA,NA,NA,NA,NA,NA,NA,NA,NA,NA,NA,NA,NA,NA,NA,NA,NA,NA,NA,NA,NA,NA,NA,NA,NA,NA,NA,NA,NA,NA,NA,NA,NA,NA,NA,NA,NA,NA,NA,NA,NA,NA,NA,NA,NA,NA,NA,NA,NA,NA,NA,NA,NA,NA,NA,NA,NA,NA
84,2019,Female,18.6,Moved_out,6000,4,3,3.5,0,NA,NA,3,1,NA,2,0,10,NA,7,NA,7,7,7,7,4,5.5,NA,NA,NA,NA,NA,NA,NA,NA,NA,NA,NA,NA,NA,NA,NA,NA,NA,NA,NA,NA,NA,NA,NA,NA,NA,NA,NA,NA,NA,NA,NA,NA,NA,NA,NA,NA,NA,NA,NA,NA,NA,NA,NA,NA,NA,NA,NA,NA,NA,NA,NA,NA,NA,NA,NA,NA,NA,NA,NA,NA,NA,NA,NA,NA,NA,NA,NA,NA,NA,NA,NA,NA,NA,NA,NA,NA
85,2019,Female,23,Living_with_parents,5000,4,4,4,2,1,NA,2,1,NA,7,NA,30,2133,4,NA,4,4,4,4,4,4,Omron & app,14205,6895,10096,19604,4346,5593,18038,-,-,-,uit gegaan,-,-,-,0,0,0,0,0,0,0,0,0,0,0,0,0,0,0,0,0,0,0,0,0,0,0,0,0,0,0,0,kapot,kapot,kapot,kapot,kapot,kapot,kapot,-,-,-,-,-,-,-,0,NA,NA,2,2,NA,5,NA,30,NA,8,NA,No,No,No,No,No,No,No
86,2019,Female,23.9,Moved_out,8000,5,5,5,2,1,15,5,1,0,4,0,30,2796,9,0,7,7,7,4,4,4,NA,NA,NA,NA,NA,NA,NA,NA,NA,NA,NA,NA,NA,NA,NA,NA,NA,NA,NA,NA,NA,NA,NA,NA,NA,NA,NA,NA,NA,NA,NA,NA,NA,NA,NA,NA,NA,NA,NA,NA,NA,NA,NA,NA,NA,NA,NA,NA,NA,NA,NA,NA,NA,NA,NA,NA,NA,NA,NA,NA,NA,NA,NA,NA,NA,NA,NA,NA,NA,NA,NA,NA,NA,NA,NA,NA
87,2019,Male,23.5,Moved_out,3000,5,5,5,2,1,30,7,1,NA,7,1,NA,4506,4,30,7,7,7,4,4,4,Omron,NA,NA,NA,NA,NA,NA,NA,NA,NA,NA,NA,NA,NA,NA,6927,0,5.2,269,1763,0,1.3,89,7331,0,5.5,240,2486,0,2,102,7638,0,5.7,243,8915,0,6.7,330,2254,0,1.7,97,NA,NA,NA,NA,NA,NA,NA,Broekzak,Broekzak,Broekzak,Broekzak,Broekzak,Broekzak,Broekzak,2,2,NA,6,1,NA,1,NA,15,3409.5,5,NA,Yes,Yes,Yes,Yes,Yes,Yes,Yes
88,2019,Female,23.5,Moved_out,7000,6,5,5.5,3,1,30,7,NA,30,3,NA,10,3099,5,NA,7,7,7,5,5,5,Omron & app,15366,NA,8963,3270,9646,4556,6822,NA,"Deze avond ging ik uit, dus een deel van de stappen van die dag zijn na 12 uur gezet en horen dus bij vrijdag",NA,NA,NA,NA,NA,15082,5053,12,474,14061,0,11.2,269,5166,0,4.1,97,3351,983,2.6,20,8459,0,6.7,116,5734,0,4.5,103,0,0,0,0,NA,NA,NA,NA,NA,NA,Ik ben m vergeten om te doen �s ochtends,broekrand,broekzak,broekzak,broekzak,broekzak,broekzak,NA,3,1,30,7,NA,30,3,NA,15,3148.5,5,NA,Yes,Yes,Yes,Yes,Yes,Yes,No
89,2019,Male,21.5,Living_with_parents,6000,2,4,3,1,1,0,7,1,30,3,4,0,5376,NA,NA,5,5,5,5,4,4.5,NA,NA,NA,NA,NA,NA,NA,NA,NA,NA,NA,NA,NA,NA,NA,NA,NA,NA,NA,NA,NA,NA,NA,NA,NA,NA,NA,NA,NA,NA,NA,NA,NA,NA,NA,NA,NA,NA,NA,NA,NA,NA,NA,NA,NA,NA,NA,NA,NA,NA,NA,NA,NA,NA,NA,NA,NA,NA,NA,NA,NA,NA,NA,NA,NA,NA,NA,NA,NA,NA,NA,NA,NA,NA,NA,NA
90,2019,Female,19,Moved_out,4000,3,3,3,2,1,NA,5,NA,30,3,NA,20,1758,9,NA,6,6,6,5,5,5,Omron & app,7797,9307,10249,4484,6702,9510,5390,NA,NA,NA,NA,NA,NA,NA,7496,0,5.9,167,19900,0,15.7,408,1624,0,1.2,15,4960,0,3.9,71,5533,1179,4.3,120,9197,4551,7.2,194,4416,0,3.4,86,NA,NA,"'s ochtends vergeten, rond 14:00 omgedaan",NA,NA,NA,NA,broekrand,broekzak,broekzak,broekzak,broekrand,broekrand,broekzak,1,3,NA,6,1,NA,4,30,NA,26640,10,NA,Yes,Yes,No,Yes,Yes,Yes,Yes
91,2019,Female,22.4,Moved_out,7000,4,5,4.5,3,1,15,7,0,20,0,NA,NA,NA,0,0,6,6,6,6,7,6.5,Omron & app,10467,10368,12195,3080,3797,9395,10076,NA,NA,NA,NA,Telefoon niet tijdens hockeytraining gedragen,NA,NA,7266,0,5,164,14292,2112,10,339,9149,0,6.4,152,4807,0,3.3,100,10988,6016,7.6,214,7853,0,5.4,124,4968,0,3.4,130,NA,NA,NA,NA,NA,NA,s'avonds Omron vergeten te dragen,broekrand,broekrand,broekrand en sok,broekrand,broekrand en sok,broekrand,broekrand,2,1,30,7,NA,15,2,NA,30,2058,6,NA,Yes,Yes,Yes,Yes,Yes,Yes,No
92,2019,NA,18.1,Moved_out,1000,5,5,5,2,1,30,5,NA,50,4,NA,30,2836,7,NA,7,7,7,4,5,4.5,Omron & app,8660,9157,13934,3947,10630,3780,9463,NA,NA,NA,NA,NA,NA,NA,9700,1075,7.4,242,13273,0,10.2,247,7942,1126,6.1,159,2161,0,1.6,25,10073,0,7.7,175,2929,0,2.2,44,9557,1190,7.3,219,NA,NA,NA,NA,NA,NA,NA,broekzak,broekzak,broekzak,broekzak,broekzak,broekzak,broekzak,6,0,30,6,0,15,5,0,30,2295,5,NA,Yes,Yes,Yes,Yes,Yes,Yes,Yes
93,2019,Male,25.5,Living_with_parents,4000,5,3,4,1,1,30,2,0,45,6,1,20,2664,8,0,6,6,6,2,6,4,Omron & app,3325,4006,9976,6826,2977,10488,5552,NA,NA,Een deel van deze stappen zijn nog van donderdag nacht.,NA,NA,NA,NA,2700,0,2.2,50,6783,0,5.5,112,6411,0,5.2,177,6010,1122,4.9,136,2070,0,1.6,24,10056,4378,8.2,290,4553,0,3.7,138,"Omron zat nog in jaszak, en die had ik in de auto laten liggen.",Had mijn pyjamabroek een groot gedeelte van de dag aan,NA,Had mijn pyjamabroek een groot gedeelte van de dag aan,Had mijn pyjamabroek een groot gedeelte van de dag aan,NA,NA,Riem,Riem,Riem,Riem,Riem,Riem,Riem,0,NA,NA,2,2,30,4,0,45,NA,10,0,No,Yes,Yes,No,Yes,Yes,Yes
94,2019,Female,NA,Living_with_parents,999,7,7,7,1,1,40,NA,NA,NA,1,NA,30,899,1,30,7,7,7,7,7,7,NA,NA,NA,NA,NA,NA,NA,NA,NA,NA,NA,NA,NA,NA,NA,NA,NA,NA,NA,NA,NA,NA,NA,NA,NA,NA,NA,NA,NA,NA,NA,NA,NA,NA,NA,NA,NA,NA,NA,NA,NA,NA,NA,NA,NA,NA,NA,NA,NA,NA,NA,NA,NA,NA,NA,NA,NA,NA,NA,NA,NA,NA,NA,NA,NA,NA,NA,NA,NA,NA,NA,NA,NA,NA,NA,NA
95,2020,Female,20.6,Moved_out,2500,3,3,3,1,1,30,5,0,30,4,0,20,1584,6,0,4,4,4,3,6,4.5,Omron & app,5936,1520,1245,1420,1384,2592,3134,NA,NA,NA,NA,NA,NA,NA,6000,0,3.8,107,1600,0,1,28,0,0,0,0,1450,0,0.9,26,1390,0,0.9,24,2599,0,1.7,46,3159,0,2,56,NA,NA,Ik was thuis en was het vergeten,NA,NA,Ik ging sporten en toen was ik het vergeten,NA,riem,riem,NA,riem,riem,riem,riem,0,NA,NA,5,0,30,2,0,20,732,6,0,Yes,Yes,No,Yes,Yes,No,Yes
96,2020,Male,21.5,Moved_out,6000,6,6,6,3,1,30,4,NA,20,4,NA,30,2876,NA,NA,6,6,6,2,6,4,Omron & app,4218,1643,6635,7174,5974,6315,8439,Stappen na 0.00 uur bij volgende dag,NA,NA,"Omron 's ochtends vergeten, telefoon wel bij",NA,NA,"Telefoon telt fietsen als stappen, Omron niet.",4950,2629,4.3,204,1083,0,0.9,6,6555,4531,5.7,391,5266,5059,4.5,261,5969,1491,5.1,218,6423,2846,5.5,253,7455,2813,6.4,275,NA,NA,NA,NA,NA,NA,NA,Broekrand,Broekrand,Broekrand,Broekrand,Broekrand,Broekrand,Broekrand,1,0,30,1,0,15,4,0,30,696,NA,NA,Yes,Yes,Yes,Yes,Yes,Yes,Yes
97,2020,Female,20,Moved_out,5000,2,3,2.5,4,1,0,5,1,30,6,0,30,4314,4,NA,5,6,5.5,6,5,5.5,Omron & app,1591,2666,3679,9253,5051,3612,5801,NA,NA,NA,NA,NA,NA,NA,1652,0,1100,11,2701,0,1800,19,3827,0,2500,26,10299,3977,6900,159,5119,2545,4100,61,3878,0,2600,28,6093,1472,4500,83,NA,NA,NA,NA,NA,NA,NA,broekband,broekband,broekband,broekband,broekband,broekband,broekband,1,1,30,3,0,30,3,0,30,1377,7,NA,Yes,Yes,Yes,Yes,Yes,Yes,Yes
98,2020,Female,23.8,Moved_out,4000,5,5,5,2,1,0,1,1,0,0,NA,NA,1200,4,0,6,6,6,5,5,5,Omron & app,233,274,1047,243,530,403,358,NA,NA,NA,NA,NA,NA,NA,662,0,0.5,5,592,0,0.4,2,1348,0,1,0,406,0,0.3,0,1122,0,0.8,12,960,0,0.7,10,590,0,0.4,0,NA,NA,NA,NA,NA,NA,NA,Broeksband,Broeksband,Broeksband,Broeksband,Broeksband,Broeksband,Broeksband,3,0,30,2,1,0,0,NA,NA,1200,9,40,Yes,Yes,Yes,Yes,Yes,Yes,Yes
99,2020,Female,18.5,Moved_out,5000,2,1,1.5,0,NA,NA,3,NA,30,5,1,NA,1350,6,NA,3,4,3.5,1,5,3,Omron & app,2534,2137,4522,575,4616,6816,5368,Ik had mijn telefoon minder bij me omdat ik die dag de hele dag les gaf.,NA,NA,NA,NA,NA,NA,4600,0,3.2,32,3624,0,2.5,33,5015,0,3.5,42,638,0,0.4,0,3884,0,2.7,33,5690,0,3.8,44,5341,0,3.7,86,NA,NA,NA,NA,NA,NA,NA,Riem,Riem,Riem,Riem,Riem,Riem,Riem,1,0,20,4,0,25,4,NA,30,956,7,NA,Yes,Yes,Yes,Yes,Yes,Yes,Yes
100,2020,Male,21,Moved_out,NA,2,4,3,1,1,13,2,0,30,3,0,25,1071.5,10,0,6,6,6,5,5,5,Omron,NA,NA,NA,NA,NA,NA,NA,NA,NA,NA,NA,NA,NA,NA,12430,654,10.4,465,2268,0,1.8,78,9565,9025,7.9,507,7877,1082,6.5,179,2951,0,2.4,43,8973,6516,7.4,415,12656,1297,10.5,365,NA,NA,NA,NA,NA,NA,NA,broekzak,broekzak,broekzak,broekzak,broekzak,broekzak,broekzak,2,1,NA,0,NA,NA,2,0,20,1092,11,NA,Yes,Yes,Yes,Yes,Yes,Yes,Yes
101,2020,Female,22.6,Living_with_parents,5000,3,4,3.5,3,2,30,2,1,0,1,1,0,4278,6,0,5,5,5,3,5,4,Omron & app,2129,945,4881,9174,6611,1301,6943,NA,NA,NA,NA,NA,NA,NA,1184,0,0.9,8,656,0,0.5,0,4272,2952,3.4,106,8937,6196,7.2,225,5597,1088,4.5,140,1163,0,1,0,6486,0,5.2,211,NA,NA,NA,NA,NA,"Ik was het vergeten, het zat nog aan een andere broek die ik niet kon vinden.",NA,broekrand,broekrand,broekrand,broekrand,broekrand,broekrand,broekrand,1,2,NA,5,30,NA,7,1,NA,NA,7,NA,Yes,Yes,Yes,Yes,Yes,No,Yes
102,2020,Male,32,Living_with_parents,6000,5,5,5,1,1,0,3,2,30,7,NA,15,2626.5,40,NA,6,6,6,4,7,5.5,Omron & app,5933,9864,11013,10265,4060,10160,7751,NA,NA,NA,NA,NA,NA,NA,5176,1651,4.4,276,6805,0,5.8,124,7072,0,6,140,5374,0,4.6,106,3201,0,2.7,101,6713,0,5.7,137,6400,0,4.4,208,NA,NA,NA,NA,NA,NA,NA,broekrand,broekrand,broekrand,broekrand,broekrand,broekrand,broekrand,1,0,30,3,NA,45,1,NA,15,829.5,40,NA,Yes,Yes,Yes,Yes,Yes,Yes,Yes
103,2020,Male,21.7,Moved_out,4000,5,4,4.5,3,1,0,4,NA,30,0,NA,NA,1920,5,0,7,7,7,0,4,2,Omron & app,8371,3689,3404,1812,2161,4197,6942,NA,NA,NA,NA,NA,NA,NA,10207,2519,8.5,288,4270,2496,3.5,144,3525,0,2.9,96,1494,0,1.2,29,1448,0,1.2,18,3921,0,3.2,115,7535,2752,6.3,232,NA,NA,NA,NA,NA,NA,NA,linker heup,linker heup,linker heup,linker heup,linker heup,linker heup,linker heup,0,NA,NA,2,NA,20,3,NA,20,358,8,30,Yes,Yes,Yes,Yes,Yes,Yes,Yes
104,2020,Female,19.9,Living_with_parents,2500,2,5,3.5,2,0,20,3,0,30,6,0,15,977,6,0,6,4,5,4,2,3,Omron & app,1995,2836,1476,1746,2002,4277,3799,NA,NA,NA,NA,NA,NA,NA,1835,0,1.5,25,3540,2186,2.9,66,1101,0,0.9,4,1022,0,0.8,0,2275,0,1.8,29,4622,2835,3.8,96,3846,1030,3.1,77,NA,NA,NA,NA,NA,NA,NA,broekrand,broekrand,broekrand,broekrand,broekrand,broekrand,broekrand,2,0,30,4,0,30,3,0,30,1257,6,0,Yes,Yes,Yes,Yes,Yes,Yes,Yes
105,2020,Female,21.9,Moved_out,6000,3,4,3.5,3,1,45,4,0,30,7,0,45,4039.5,5,0,7,6,6.5,5,6,5.5,Omron & app,3575,8459,2760,4526,3208,4985,8394,NA,NA,NA,NA,NA,NA,NA,3625,2198,2.2,76,8236,5408,5.1,212,2261,1031,1.4,58,4485,3365,2.8,122,2874,465,1.8,36,6380,1406,3,109,8157,5378,4.9,203,NA,NA,NA,NA,NA,NA,NA,Broekband,Broekband,Broekband,Broekband,Broekband,Broekband,Broekband,3,1,0,7,1,30,5,0,45,4702.5,6,0,Yes,Yes,Yes,Yes,Yes,Yes,Yes
106,2020,NA,20,Living_with_parents,3000,2,2,2,0,NA,NA,3,1,NA,7,1,NA,2106,7,NA,6,5,5.5,4,2,3,Omron,NA,NA,NA,NA,NA,NA,NA,NA,NA,NA,NA,NA,NA,NA,416,0,0.3,1,678,0,0.5,0,2479,0,1.8,9,1662,0,1.2,21,7445,0,5.5,147,4028,0,3,66,7435,0,5.5,147,NA,NA,NA,NA,NA,NA,NA,Broekrand,Broekrand,Broekrand,Broekrand,Broekrand,Broekrand,Broekrand,0,NA,NA,3,NA,30,7,2,NA,3132,8,NA,Yes,Yes,Yes,Yes,Yes,Yes,Yes
107,2020,Female,18.8,Living_with_parents,3000,3,5,4,3,1,NA,2,NA,30,3,NA,15,1828.5,9,30,5,5,5,1,3,2,NA,NA,NA,NA,NA,NA,NA,NA,NA,NA,NA,NA,NA,NA,NA,NA,NA,NA,NA,NA,NA,NA,NA,NA,NA,NA,NA,NA,NA,NA,NA,NA,NA,NA,NA,NA,NA,NA,NA,NA,NA,NA,NA,NA,NA,NA,NA,NA,NA,NA,NA,NA,NA,NA,NA,NA,NA,NA,NA,NA,NA,NA,NA,NA,NA,NA,NA,NA,NA,NA,NA,NA,NA,NA,NA,NA
108,2020,Female,21.8,Moved_out,2000,3,3,3,4,NA,30,5,NA,20,7,1,NA,2746,6,NA,5,5,5,2,5,3.5,Omron & app,2698,445,8087,2402,1969,4761,4739,NA,NA,NA,telefoon niet bij me gehad tijdens sporten,"telefoon zat een lange tijd in de tas, waardoor metingen dus kunnen afwijken.",NA,NA,1720,0,1.3,19,529,0,0.4,0,8749,3618,6.9,250,3861,0,3,61,3018,0,2.4,37,4254,3728,3.4,133,4178,0,3.3,92,Vergeten te dragen bij het sporten,NA,NA,NA,NA,NA,NA,broekrand,broekrand,broekrand,broekrand,broekrand,broekrand,broekrand,3,1,NA,4,1,NA,4,1,30,3588,5,NA,No,Yes,Yes,Yes,Yes,Yes,Yes
109,2020,Female,18.7,Living_with_parents,4000,4,3,3.5,2,1,30,5,0,40,3,0,10,2339,10,30,5,5,5,3,4,3.5,Omron & app,4053,1050,3483,1020,8045,2940,8021,NA,NA,NA,NA,NA,NA,NA,3712,0,2.4,50,972,0,0.7,4,1330,0,1,39,1886,0,1.4,76,5415,0,4.1,101,3675,0,2.8,56,6843,0,5.2,136,NA,NA,niet gedragen tijdens sporten,NA,NA,NA,NA,broekrand,broekrand,broekzak,broekzak,broekzak,broekzak,broekzak,1,2,0,5,0,40,3,0,10,1859,10,0,Yes,Yes,No,Yes,Yes,Yes,Yes
110,2020,Female,23.8,Moved_out,8000,5,5,5,4,2,30,7,1,0,7,0,45,7519.5,6,0,6,5,5.5,2,4,3,Omron & app,3268,3269,10788,4891,2897,3028,406,NA,NA,NA,NA,NA,NA,NA,3386,0,2.5,43,2549,0,1.8,37,10163,3925,7.5,198,4742,2318,3.5,160,2497,0,1.8,21,2843,0,2.1,44,719,0,0.5,1,NA,NA,NA,NA,NA,NA,NA,riem,riem,broekzak,broekzak,broekzak,truizak,broekzak,2,0,30,2,0,45,4,0,15,1038,10,0,Yes,Yes,Yes,Yes,Yes,Yes,Yes
111,2020,Female,17.6,Living_with_parents,4000,5,5,5,4,1,38,3,1,0,6,NA,45,4747,7,30,7,7,7,7,5,6,Omron & app,2252,1118,1378,1838,1412,956,1718,NA,NA,NA,NA,NA,NA,NA,2364,0,1.7,2,1084,0,0.8,0,1538,0,1.1,1,2312,0,1.7,16,1737,0,1.3,13,1431,0,1,2,3229,0,2.4,6,NA,NA,NA,NA,NA,NA,NA,Broekrand,Broekrand,Broekrand,Broekrand,Broekrand,Broekrand,Broekrand,0,NA,NA,0,NA,NA,0,NA,NA,0,9,NA,Yes,Yes,Yes,Yes,Yes,Yes,Yes
112,2020,Male,24,Living_with_parents,5000,2,3,2.5,2,1,0,3,0,45,5,1,0,2490,8,0,5,5,5,6,5,5.5,Omron & app,2608,7200,2569,1023,2030,4518,6588,NA,NA,NA,NA,NA,NA,NA,2617,0,2.1,7,7028,0,5.6,65,2653,0,2.1,31,2418,0,1.9,70,1953,0,1.5,38,5656,0,1.5,128,5599,0,4.5,154,NA,NA,NA,NA,NA,NA,NA,Riem,Riem,Broekzak,Broekzak,Broekzak,Broekzak,Broekzak,2,1,0,2,1,NA,3,0,10,1539,7,0,Yes,Yes,Yes,Yes,Yes,Yes,Yes
113,2020,Female,23,Living_with_parents,7000,4,3,3.5,0,NA,NA,3,0,15,7,0,30,873,7,0,5,6,5.5,6,5,5.5,Omron & app,6293,7987,332,2713,6637,9872,6697,NA,NA,Thuis gebleven. Hierdoor telefoon niet vaak bij me gedragen.,NA,NA,NA,NA,6041,1175,4.5,98,7858,968,5.8,142,1042,0,0.7,0,2799,917,2,43,5911,0,4.4,98,8655,3386,6.4,171,6161,1398,4.6,121,NA,NA,NA,NA,NA,NA,NA,Broek- en shirtrand,Broek- en shirtrand,Shirtrand,Shirtrand,Broek- en shirtrand,Shirtrand,Shirtrand,0,NA,NA,4,0,15,6,0,30,834,7,0,Yes,Yes,Yes,Yes,Yes,Yes,Yes
114,2020,Female,22.5,Living_with_parents,8000,7,5,6,1,1,30,6,NA,40,7,1,NA,3066,7,NA,5,6,5.5,5,5,5,NA,NA,NA,NA,NA,NA,NA,NA,NA,NA,NA,NA,NA,NA,NA,NA,NA,NA,NA,NA,NA,NA,NA,NA,NA,NA,NA,NA,NA,NA,NA,NA,NA,NA,NA,NA,NA,NA,NA,NA,NA,NA,NA,NA,NA,NA,NA,NA,NA,NA,NA,NA,NA,NA,NA,NA,NA,NA,NA,NA,NA,NA,NA,NA,NA,NA,NA,NA,NA,NA,NA,NA,NA,NA,NA,NA
115,2020,Female,20,Moved_out,4000,4,2,3,1,0,30,5,0,20,6,0,30,1234,8,0,5,6,5.5,1,5,3,Omron & app,1362,4327,4295,565,2588,7944,5236,NA,NA,NA,NA,NA,NA,NA,2060,0,1.4,19,5415,3607,3.8,128,5547,0,3.9,68,1792,0,1.2,5,4935,1762,3.5,123,14575,5909,10.4,572,6393,0,4.6,163,NA,NA,NA,NA,NA,NA,NA,broekrand,broekrand,broekzak,broekrand,broekrand,broekrand,broekrand,3,1,30,5,0,30,7,0,20,3222,8,30,Yes,Yes,Yes,Yes,Yes,Yes,Yes
116,2020,Female,18.7,Living_with_parents,8000,4,1,2.5,0,NA,NA,5,1,30,5,1,NA,2790,10,NA,5,4,4.5,2,4,3,Omron & app,4008,1365,6515,5903,5688,2476,12997,NA,NA,NA,NA,NA,NA,NA,4117,4051,2.8,30,1584,0,1.1,9,4764,0,3.4,22,6044,5716,4.3,149,5459,0,3.9,94,2686,0,1.9,38,13181,5232,9.4,277,NA,NA,NA,NA,NA,NA,NA,broekrand,broekrand,broekrand,broekrand,broekrand,broekrand,jaszak,0,NA,NA,3,2,NA,5,1,NA,2430,10,NA,Yes,Yes,Yes,Yes,Yes,Yes,Yes
117,2020,Male,23,Living_with_parents,NA,6,5,5.5,2,1,30,4,2,0,1,0,20,3426,8,0,6,5,5.5,4,5,4.5,Omron,NA,NA,NA,NA,NA,NA,NA,NA,NA,NA,NA,NA,NA,NA,5629,0,4.6,111,3245,0,2.6,65,8406,0,6.8,170,732,0,0.3,2,3532,2190,2.8,84,4738,1138,3.8,89,4950,0,4.1,110,NA,toen ik weg ging was ik hem vergeten in mijn andere broek,NA,NA,NA,NA,NA,broekzak,broekzak,broekzak,broekzak,broekzak,broekzak,broekzak,0,NA,NA,3,1,30,2,0,45,1377,8,0,Yes,No,Yes,Yes,Unsure,Yes,Yes
118,2020,NA,22.6,Living_with_parents,500,2,3,2.5,2,2,30,1,1,0,1,0,30,2739,7,NA,6,6,6,3,3,3,Omron & app,4343,790,2454,1103,8538,7070,4083,nvt,nvt,nvt,nvt,nvt,nvt,nvt,0,0,0,0,0,0,0,0,0,0,0,0,0,0,0,0,0,0,0,0,0,0,0,0,0,0,0,0,NA,NA,NA,NA,NA,NA,NA,NA,NA,NA,NA,NA,NA,NA,0,NA,NA,3,2,30,6,0,45,2691,4,30,Unsure,Unsure,Unsure,Unsure,Unsure,Unsure,Unsure
119,2020,Male,19.2,Living_with_parents,5500,2,6,4,2,0,30,2,4,0,6,0,30,2994,8,0,5,6,5.5,2,4,3,Omron & app,4071,2539,2496,923,2823,8031,11963,Op campus,NA,NA,NA,NA,Dierentuin,Golfen,3100,0,3.12,183,3063,0,1.95,110,3044,0,2.5,60,700,0,0.5,8,5053,0,4.2,180,8047,2328,6.8,159,12000,0,10.9,248,NA,NA,NA,NA,NA,NA,NA,Broekzak,Broekzak,Broekzak,Broekzak,Broekzak,Broekzak,Broekzak,2,0,20,2,0,30,2,3,30,1946,5,30,Yes,Yes,Yes,Unsure,Yes,Yes,Yes
120,2020,Male,22.6,Moved_out,6000,7,5,6,3,1,30,3,1,15,2,0,15,3159,4,NA,7,7,7,6,5,5.5,Omron,NA,NA,NA,NA,NA,NA,NA,NA,NA,NA,NA,NA,NA,NA,6546,0,5.3,160,4094,0,3.3,91,5574,1584,4.5,125,4067,2339,3.2,96,4528,3515,3.6,120,7141,1862,5.7,137,1921,0,1.5,32,NA,NA,NA,NA,NA,NA,NA,broekzak,broekzak,broekzak,broekzak,broekzak,broekzak,broekzak,1,0,45,3,0,45,3,0,15,1048.5,8,NA,Yes,Unsure,Yes,Yes,Unsure,Yes,Unsure
121,2020,Female,23,Moved_out,8000,4,3,3.5,1,1,15,3,NA,30,4,NA,50,1620,8,NA,4,5,4.5,2,6,4,Omron & app,7062,5705,4893,2360,5706,7854,7305,NA,NA,NA,NA,NA,NA,NA,7302,1083,5.1,142,0,0,0,0,0,0,0,0,2534,30,1.9,55,6160,649,4.4,92,8017,1347,5.9,165,7516,1356,5.4,169,NA,kamerisolatie,kamerisolatie,NA,NA,NA,NA,broekzak,NA,NA,broekzak,broekzak,broekzak,broekzak,2,1,15,7,NA,30,7,NA,20,2502,8,30,Yes,No,No,Yes,Yes,Yes,Yes
122,2020,Male,NA,Living_with_parents,8000,6,6,6,3,2,NA,1,2,NA,6,NA,NA,3360,8,NA,7,5,6,4,6,5,Omron & app,3364,3689,669,443,1939,4624,4461,NA,NA,NA,NA,NA,NA,NA,2649,0,2,56,3412,1002,2.6,62,234,0,0.1,0,187,0,0.1,0,1901,0,1.5,48,3692,1048,2.9,71,4512,1163,3.6,149,NA,NA,NA,NA,NA,NA,NA,Broekzak,Broekzak,Broekzak,Broekzak,Broekzak,Broekzak,Broekzak,3,2,NA,1,3,NA,4,1,NA,4392,8,NA,Yes,Yes,Unsure,Unsure,Unsure,Yes,Unsure
123,2020,Male,19.7,Moved_out,NA,2,2,2,0,NA,NA,4,0,15,3,0,30,537,6,0,7,7,7,5,5,5,Omron & app,1403,1130,2720,1261,1043,231,1535,NA,NA,1147 stappen meer in app.,NA,NA,NA,NA,1563,0,1.3,1000,1103,0,1,1000,1573,0,1.4,2000,1292,0,1.1,1000,1051,0,0.9,1000,243,0,0.2,0,1352,0,1.1,3000,NA,NA,NA,NA,NA,NA,NA,broekzak,broekzak,broekzak,broekzak,broekzak,broekzak,broekzak,0,NA,NA,5,0,15,7,0,15,646.5,9,0,Yes,Yes,Yes,Yes,Yes,Yes,Yes
124,2020,NA,23,Moved_out,2500,0,0,0,1,0,30,1,0,20,3,4,30,2993,6,0,6,6,6,5,2,3.5,Omron & app,1810,228,2784,280,3785,1031,6416,-,"Hele dag thuis, bij kleine afstanden nam ik mijn telefoon niet mee",-,"Hele dag thuis, bij kleine afstanden nam ik mijn telefoon niet mee.",-,"Hele dag thuis, bij kleine afstanden nam ik mijn telefoon niet mee.",-,1537,0,1.1,15,1800,0,1.2,20,2686,0,1.9,62,818,0,0.5,1,3785,0,2.7,87,1840,0,1.3,56,4989,1359,3.5,95,NA,NA,NA,NA,"Vergeten in de ochtend en avond, alleen gedragen toen ik naar de campus ging.",NA,NA,Riem,Riem,Riem,Riem,Riem,Riem,Riem,0,NA,NA,1,0,30,1,0,30,219,9,NA,Yes,Yes,Yes,Yes,No,Yes,Yes
125,2020,NA,25,Living_with_parents,9000,3,3,3,2,1,NA,7,2,NA,4,1,NA,5112,3,NA,5,4,4.5,5,5,5,Omron,NA,NA,NA,NA,NA,NA,NA,NA,NA,NA,NA,NA,NA,NA,6036,0,4.1,2063,8976,1562,7.4,2438,11672,3134,8.4,2986,7524,2176,5.2,2361,9373,1338,6.8,2597,8237,873,5.8,2427,7626,0,4.8,2379,NA,NA,NA,NA,NA,NA,NA,NA,NA,NA,NA,NA,NA,NA,2,NA,20,6,1,NA,6,NA,30,2354,5,NA,Yes,Unsure,Unsure,Yes,Yes,Unsure,Yes
126,2020,Male,20,Moved_out,8000,3,4,3.5,3,1,0,7,0,30,5,0,30,2775,8,0,7,7,7,3,5,4,Omron & app,6723,5795,5647,4343,3842,7334,6340,NA,NA,NA,NA,NA,NA,NA,5099,0,4.2,133,5219,1864,4.3,147,4126,0,3.4,119,3744,2354,3.1,121,2411,0,2,55,4214,0,3.5,93,5468,1149,4.5,167,NA,NA,NA,NA,NA,NA,NA,riem,riem,riem,riem,riem,riem,riem,2,1,NA,6,0,30,4,0,20,1944,12,NA,Yes,Yes,Yes,Yes,Yes,Yes,Yes
127,2020,Female,23,Moved_out,6000,3,1,2,2,2,30,5,3,30,7,2,NA,9372,30,NA,6,6,6,3,6,4.5,Omron,NA,NA,NA,NA,NA,NA,NA,NA,NA,NA,NA,NA,NA,NA,9034,0,6.8,160,7843,0,5.9,149,0,0,0,0,0,0,0,0,8585,0,6.5,173,1952,0,1.4,35,4380,0,3.3,62,NA,NA,Stappenteller vergeten in Delft,Stappenteller vergeten in Delft,NA,NA,NA,broekzak,broekzak,-,-,broekrand,broekrand,broekrand,2,NA,30,4,1,30,4,1,NA,2712,8,NA,Yes,Yes,No,No,Yes,Yes,Yes
128,2020,Male,21,Living_with_parents,5000,3,3,3,1,3,0,1,0,10,5,0,30,1975,10,0,5,5,5,3,4,3.5,Omron & app,4225,2752,1588,4640,3608,2706,4893,NA,NA,NA,NA,NA,NA,NA,3983,0,2.8,101,4243,0,3,80,1010,0,0.7,20,3279,0,2.3,43,3354,0,2.4,80,1804,0,1.2,16,4634,0,3.3,133,NA,NA,NA,NA,NA,NA,NA,riem,riem,riem,riem,riem,riem,riem,1,2,0,2,0,20,1,3,0,1714,12,0,Yes,Yes,Yes,Yes,Yes,Yes,Yes
129,2020,Female,16.9,Living_with_parents,5000,5,5,5,1,1,0,5,1,0,3,0,20,1878,12,0,5,6,5.5,4,4,4,Omron & app,2740,1630,2522,3964,2170,3230,3953,Niet aan bij paardrijden,Niet aan bij ballet,Niet aan bij paardrijden,Niet aan bij sporten,Niet aan bij paardrijden,Niet aan bij sporten,Niet aan bij turnen,11631,7934,9.4,359,2414,0,1.9,6,4204,0,3.4,38,4636,0,3.7,60,3574,0,2.8,34,3356,2078,2.7,74,6271,0,5,76,NA,NA,NA,NA,NA,NA,NA,Broekrand,Broekrand,Broekrand,Broekrand,Broekrand,Broekrand,Broekrand,1,1,0,6,1,0,1,0,20,1986,11,0,Yes,Yes,Yes,Yes,Yes,Yes,Yes
130,2020,Female,20.4,Living_with_parents,3500,4,4,4,2,1,30,5,0,20,5,0,30,2335,7,0,7,7,7,3,5,4,Omron & app,65,265,3746,3311,3905,5177,4574,NA,NA,NA,NA,NA,NA,NA,1394,0,0.9,15,124,0,0,0,2374,0,1.6,17,1598,0,1.1,29,2581,0,1.8,38,5408,0,3.8,64,4814,1913,3.4,112,NA,Vandaag alleen online college gevolgd en veel gezeten.,NA,Vandaag niet veel thuis geweest en de omron vergeten mee te nemen.,NA,NA,NA,Riem,Riem,Broekzak,Broekzak,Broekzak,Broekzak/riem,Broekzak,0,NA,NA,6,1,0,1,0,30,1539,8,0,Yes,No,Yes,No,Yes,Yes,Yes
131,2020,Female,18.7,Living_with_parents,6000,6,7,6.5,2,2,0,7,NA,NA,1,NA,NA,NA,7,0,6,7,6.5,6,4,5,Omron & app,49,6573,318,188,1670,4157,3914,NA,NA,NA,NA,NA,NA,NA,1304,0,0.9,15,9834,5194,7.4,302,351,0,0.2,0,2374,1234,1.8,47,341,0,0.2,11,2581,0,1.9,161,4222,0,3.2,87,vergeten in de ochtend te pakken,NA,vergeten te pakken in de ochtend,NA,had hem in een zak van een kledingstuk zitten dat ik in de ochtend aan had. Na het omkleden ben ik hem vergeten uit die zak te halen,NA,NA,broekrand,broekrand,broekzak,broekrand,broekrand,broekrand/broekzak,broekrand,1,0,40,3,NA,NA,1,0,40,452,8,0,Unsure,Yes,No,Yes,No,Yes,Yes
132,2020,Female,19.2,Living_with_parents,6000,5,6,5.5,3,1,30,6,0,30,2,0,10,2946,10,NA,7,7,7,6,5,5.5,Omron & app,2043,2284,743,999,4249,3540,4627,NA,NA,NA,NA,NA,NA,NA,3270,1387,2.6,39,3636,0,2.9,42,1328,0,1,3,1718,0,1.3,16,3172,0,2.5,56,3441,0,2.7,65,4154,0,3.3,86,NA,NA,NA,NA,NA,NA,NA,riem,broekrand,broekrand,broekrand,riem,riem,riem,0,NA,NA,5,1,0,2,0,20,1332,10,0,Yes,Yes,Yes,Yes,Yes,Yes,Yes
133,2020,Male,22.3,Moved_out,2000,1,1,1,0,NA,NA,4,NA,30,4,NA,30,876,8,NA,7,7,7,2,3,2.5,Omron,NA,NA,NA,NA,NA,NA,NA,NA,NA,NA,NA,NA,NA,NA,37,0,0,0,500,0,0.3,4,2165,0,1.5,44,1104,0,0.7,13,1947,0,1.4,12,1972,0,1.4,6,11237,1651,8,190,vergeten,NA,NA,NA,NA,NA,NA,NA,broekzak,broekzak,broekzak,broekzak,broekzak,broekzak,0,NA,NA,3,1,NA,5,NA,30,1215,8,NA,No,Yes,Yes,Yes,Yes,Yes,Yes
134,2020,Female,19.4,Moved_out,6000,3,3,3,1,1,NA,7,NA,30,7,NA,20,1782,6,NA,5,5,5,5,3,4,Omron & app,5502,6055,8475,1605,10344,1025,3897,NA,NA,NA,niet de hele dag bij me,NA,NA,NA,6015,3813,4.6,155,6127,4747,4.7,136,8090,0,6.2,175,2133,0,1.6,38,10644,0,7.4,213,1024,0,0.7,14,3454,0,2.6,83,NA,NA,NA,NA,NA,NA,NA,broekzak,broekzak,broekzak,broekzak,broekzak,broekzak,broekzak,0,NA,NA,5,1,NA,6,NA,40,1992,5,NA,Yes,Yes,Yes,Yes,Yes,Yes,Yes
135,2020,Female,25.1,Moved_out,7000,5,5,5,1,1,30,5,0,10,7,0,30,1613,8,0,5,6,5.5,4,5,4.5,Omron & app,12229,6454,3291,12174,5526,8891,6464,NA,NA,NA,NA,NA,NA,NA,13264,0,10.2,355,9693,0,7.4,231,3145,0,2.4,51,12029,9817,9.2,685,5083,0,3.9,100,10720,5040,8.2,332,6570,5325,5,220,NA,NA,NA,NA,NA,NA,NA,Broekrand,Broekrand,Broekrand,Broekrand,Broekrand,Broekrand,Broekrand,1,0,45,3,0,15,7,0,30,1233,6,NA,Yes,Yes,Yes,Yes,Yes,Yes,Yes
136,2020,Male,26,Living_with_parents,7000,7,6,6.5,6,1,30,5,2,NA,6,NA,30,7314,10,NA,4,6,5,4,5,4.5,Omron & app,1987,2488,738,2628,5196,2883,4796,NA,NA,NA,NA,NA,NA,NA,2037,0,1700,53,2564,0,2100,83,688,0,500,0,2306,0,1900,63,5362,0,4504,157,2424,0,2000,61,3888,0,3200,42,NA,NA,NA,NA,NA,NA,NA,broekzak,broekzak,broekrand,broekrand,broekzak,broekzak,broekzak,6,1,30,2,0,30,2,0,20,4692,11,NA,Yes,Yes,Yes,Yes,Yes,Yes,Yes
137,2020,NA,23.9,Moved_out,6000,4,5,4.5,3,2,NA,2,1,NA,6,1,30,5142,6,NA,7,7,7,5,6,5.5,Omron,NA,NA,NA,NA,NA,NA,NA,NA,NA,NA,NA,NA,NA,NA,970,0,0.7,31,132,0,0.1,2,65,0,0,0,60,0,0,0,62,0,0,0,70,0,0,0,64,0,0,0,NA,NA,NA,NA,NA,NA,NA,Broekrand,Broekrand,Broekrand,Broekrand,Broekrand,Broekrand,Broekrand,0,NA,NA,0,NA,NA,0,NA,NA,0,0,0,Yes,Yes,Unsure,Unsure,Unsure,Unsure,Unsure
138,2020,Male,17.7,Living_with_parents,1750,6,6,6,3,1,45,2,1,0,0,NA,NA,3000,11,0,6,5,5.5,3,5,4,Omron & app,888,1330,688,787,2873,621,3007,NA,telefoon niet bij me tijdens boodschappen doen,"telefoon niet bij me tijdens het voetballen, dus aanzienlijk minder stappen",NA,NA,NA,NA,986,0,0.7,3,2183,0,1.7,19,8670,2055,7,154,1016,0,0.8,9,3626,0,2.9,52,1017,0,0.8,10,3033,0,2.4,57,Onduidelijkheid over wanneer metingen moesten beginnen; ik ben daardoor pas half 3 's middags gestart met meten,NA,NA,NA,NA,NA,NA,aan broekzak vast,aan broekzak vast,in broekzak (tijdens voetballen),aan broekzak vast,aan broekzak vast,aan broekzak vast,aan broekzak vast,1,2,0,1,1,10,3,0,20,1438,12,30,No,Yes,Yes,Yes,Yes,Yes,Yes
139,2020,Female,23,Living_with_parents,6000,5,3,4,1,1,20,3,NA,15,3,NA,20,1018,12,NA,4,6,5,4,3,3.5,Omron & app,3200,7811,6355,788,9103,2820,0,Niet altijd m'n telefoon gedragen,Niet altijd m'n telefoon gedragen,NA,Telefoon niet bij me gehad,NA,Rond 18.00 is de sensor kapot gegaan,Sensor kapot,6319,2625,4.9,165,9099,5124,7.1,273,6922,1642,5.4,119,9290,4037,4.9,287,10042,5648,7.9,280,5199,1452,4.1,111,5255,0,4.1,128,NA,NA,NA,NA,NA,NA,NA,Horizontaal aan broekrand,Horizontaal aan broekrand,Horizontaal aan broekrand,Horizontaal aan broekrand,Horizontaal aan broekrand,Horizontaal aan broekrand,Horizontaal aan broekrand,1,0,30,3,0,15,5,0,30,915,12,0,Yes,Yes,Yes,Yes,Yes,Yes,Yes
140,2020,Female,22,Living_with_parents,7000,5,4,4.5,1,1,0,7,1,0,7,0,20,2622,4,NA,7,7,7,5,6,5.5,Omron,NA,NA,NA,NA,NA,NA,NA,NA,NA,NA,NA,NA,NA,NA,2008,0,1,43,902,0,0.4,4,519,0,0.2,1,4315,1281,2.1,128,4907,0,2.4,104,480,0,0.2,3,6513,0,3.2,147,NA,NA,Ik was het vergeten,NA,NA,Ik was de omron vergeten op te doen in de ochtend,NA,Broekrand,Broekzak,Broekzak,Broekzak,Broekzak,Broekzak,Broekzak,2,0,30,5,0,40,2,0,15,1379,6,0,Yes,Yes,No,Yes,Yes,No,Yes
141,2020,Female,22.9,Moved_out,5000,5,5,5,3,1,30,6,0,45,2,0,10,3306,5,30,6,7,6.5,4,6,5,Omron & app,947,3714,1889,659,9387,2250,5397,NA,NA,NA,NA,NA,NA,NA,1002,0,0.7,1,4554,1749,3.3,91,2142,0,1.5,24,805,0,0.5,6,8566,0,6.3,145,1409,0,1,9,5072,0,3.7,123,NA,NA,NA,NA,NA,NA,NA,broek,broek,broek,broek,riem,riem,riem,1,1,0,5,0,17,2,NA,15,919,10,NA,Yes,Yes,Yes,Yes,Yes,Yes,Yes
142,2020,Female,25.4,Living_with_parents,5000,4,3,3.5,3,1,30,5,1,NA,7,NA,15,3706.5,8,NA,4,4,4,2,2,2,Omron & app,4537,4703,6843,1458,4875,753,9307,NA,NA,NA,NA,NA,Minder dan de helft van wat de Omron aangaf.,NA,NA,3284,3.6,128,4492,1487,3,93,0,0,0,0,1747,0,1.1,2,3382,0,2.2,46,1837,0,1.2,18,8846,0,6,188,NA,NA,Ik was hem vergeten aan te doen,NA,NA,NA,NA,Aan broek riem,Aan broek riem,NA,Aan broek riem,Aan broek riem,Aan broek riem,Aan broek riem,1,1,NA,4,NA,30,3,NA,15,1108.5,8,NA,Yes,Yes,No,Yes,Yes,Yes,Yes
143,2020,Female,20,Living_with_parents,5000,5,5,5,1,2,NA,2,1,NA,1,0,15,1489.5,10,NA,6,6,6,4,5,4.5,Omron & app,8515,2315,7305,8629,6599,8950,8987,Gesport,NA,NA,NA,NA,NA,NA,8321,2200,6.4,186,2195,0,1.6,14,6038,0,4.6,78,5609,0,4.3,106,5077,1232,3.9,113,6836,0,5.2,135,6874,0,5.2,162,NA,NA,NA,NA,NA,NA,NA,Broekzak,Broekzak,Broekzak,Broekzak,Broekzak,Broekzak,Broekzak,2,2,0,2,1,0,2,0,15,2499,9,0,Yes,Yes,Yes,Yes,Yes,Yes,Yes
144,2020,Female,21,Living_with_parents,5000,4,4,4,2,1,NA,4,NA,30,7,NA,15,1786.5,8,NA,5,6,5.5,2,5,3.5,Omron & app,6783,5103,2782,3553,5225,3574,7838,NA,NA,NA,"Hardgelopen zonder telefoon, met stappenteller",NA,NA,NA,5982,0,4.4,86,3519,0,2.6,44,1735,0,1.3,23,7499,4929,5.6,292,3364,0,2.5,60,3018,0,2.2,61,7014,0,5.2,145,NA,NA,NA,NA,"Was hem vergeten om te doen in de ochtend, heb hem vanaf 14.00 wel gedragen",NA,NA,broekrand,broekrand,broekrand,broekrand,broekrand,broekrand,broekrand,1,NA,40,5,NA,20,4,NA,15,918,9,NA,Yes,Yes,Yes,Yes,No,Yes,Yes
145,2020,Female,20,Living_with_parents,NA,4,4,4,1,1,NA,3,NA,30,5,NA,25,1252.5,6,30,6,6,6,4,5,4.5,Omron & app,2858,4248,6355,2987,6573,6875,8790,NA,NA,NA,NA,NA,NA,NA,2022,0,1.4,47,3837,0,2.8,59,3670,0,2.7,55,2045,0,1.5,35,5198,0,3.8,88,4372,0,3.2,114,7503,0,5.5,183,NA,NA,NA,NA,NA,NA,NA,broekrand,broekrand,broekrand,broekrand,broekzak,broekzak,broekzak,0,NA,NA,3,NA,20,2,NA,20,372,7,NA,Yes,Yes,Yes,Yes,Yes,Yes,Yes
146,2020,Female,20.4,Living_with_parents,4000,6,5,5.5,2,NA,45,3,1,NA,4,1,NA,2232,8,NA,5,7,6,5,6,5.5,Omron & app,11412,9574,6022,2474,3597,3817,14420,NA,NA,NA,NA,NA,Telefoon niet bij sporten,NA,5219,8576,7.2,255,9176,3025,6.6,153,4873,0,3.5,52,1979,974,1.4,24,3431,3070,2.4,72,7989,5168,5.7,243,13041,8576,9.3,306,NA,NA,NA,Vergeten,NA,NA,NA,Broekrand,Broekrand,Broekrand,Broekrand,Broekrand,Broekrand,Broekrand,3,NA,30,3,1,NA,5,1,NA,2430,9,NA,Yes,Yes,Yes,No,Yes,Yes,Yes
147,2020,Female,NA,Living_with_parents,NA,6,6,6,1,0,40,5,1,10,7,3,0,5878,9,0,7,7,7,5,5,5,Omron & app,19046,0,0,0,0,689,0,NA,NA,NA,NA,NA,NA,NA,0,0,0,0,0,0,0,0,4396,0,3400,80,1417,0,1100,0,958,0,700,2,0,0,0,0,5201,0,4100,117,Ik dacht dat het onderzoek de dag erna pas inging. Daarnaast was ik dronke/brak bij iemand thuis tot voor het avondeten,"Wel gedragen, maar je kan blijkbaar maar 1 week terugkijken in plaats van 2",NA,NA,NA,"Vergeten, zat nog aan mijn broek",NA,NA,NA,broekrand,broekrand,broekrand,NA,broekrand,1,1,0,3,0,40,1,4,0,1752,11,NA,No,No,Yes,Yes,Yes,No,Yes
148,2020,Male,21,Moved_out,9500,3,5,4,1,1,30,6,12,NA,0,NA,NA,18000,3,NA,6,6,6,3,0,1.5,Omron & app,6734,3788,10980,12504,3542,5432,7843,-,-,-,-,-,-,-,5789,0,3.45,157,3469,0,2.78,123,9087,8,7.89,429,13456,11,9.98,550,2356,0,2.5,182,5374,1,4.71,239,1729,0,1.27,72,NA,NA,NA,NA,NA,NA,NA,jaszak,broekzak,jaszak,broekzak,broekzak,riem,jaszak,0,NA,NA,5,2,30,3,NA,45,3445.5,5,30,Unsure,Unsure,Unsure,Unsure,Unsure,Unsure,Unsure
149,2020,NA,18.1,Living_with_parents,5000,4,5,4.5,2,NA,45,7,NA,20,2,NA,15,1379,6,NA,7,7,7,4,6,5,Omron & app,3980,3768,1330,3666,9037,2964,926,NA,NA,NA,NA,NA,NA,Niet hele dag gedragen,4012,0,2800,40,5531,1177,3900,85,941,0,600,12,3303,0,2300,24,8345,0,6000,124,3170,2101,2200,95,3412,2369,2400,109,NA,NA,NA,NA,NA,NA,NA,broekrand,broekrand,broekrand,broekrand,broekrand,broekrand,broekrand,2,NA,30,3,NA,15,1,NA,10,693,8,NA,Yes,Yes,Yes,Yes,Yes,Yes,Yes
150,2020,NA,19.1,Moved_out,3000,5,2,3.5,0,NA,NA,7,1,0,5,0,20,2010,8,0,4,5,4.5,4,6,5,Omron & app,4194,513,1069,6706,4798,3217,4334,NA,NA,NA,NA,NA,NA,NA,2490,0,2.1,NA,735,0,0.6,5000,2501,0,2.2,NA,5534,0,4.8,NA,4721,1617,4.1,NA,2494,0,2.1,NA,4313,0,3.7,NA,NA,NA,NA,NA,NA,NA,NA,broekzak,broekzak,broekzak,broekzak,broekzak,broekzak,broekzak,0,NA,NA,7,1,30,1,0,20,2586,7,45,Yes,Yes,Yes,Yes,Yes,Yes,Yes
151,2020,Female,20.4,Moved_out,5000,4,5,4.5,4,1,0,5,0,35,2,0,30,2818,7,30,5,4,4.5,3,4,3.5,Omron & app,730,7155,1537,1756,3409,4119,6854,NA,NA,NA,NA,NA,NA,NA,667,0,0.5,0,7268,0,5.5,122,2259,0,1.7,35,1898,0,1.4,20,3502,0,2.6,56,4105,0,3.1,68,6739,0,5.1,180,NA,NA,NA,NA,NA,NA,NA,Broekzak voor,Broekzak voor,Broekzak voor,Broekzak voor,Broekzak voor,Broekzak voor,Broekzak voor,1,1,15,5,1,30,0,NA,NA,2400,10,0,Yes,Yes,Yes,Yes,Yes,Yes,Yes
152,2020,Male,19.9,Living_with_parents,3000,5,6,5.5,3,1,30,4,0,30,4,0,15,2838,6,30,6,6,6,5,6,5.5,Omron & app,4782,5640,1771,1538,7533,5208,5679,NA,NA,NA,NA,NA,NA,NA,3953,0,3,80,4242,0,3.3,57,1697,0,1.3,30,1717,0,1.3,26,3957,0,3,47,3226,0,2.5,56,5754,0,4.4,130,NA,NA,NA,NA,NA,NA,NA,Riem,Riem,Riem,Riem,Riem,Riem,Riem,4,1,NA,5,NA,30,3,NA,15,2668.5,7,NA,Yes,Yes,Yes,Yes,Yes,Yes,Yes
153,2020,Male,22,Living_with_parents,5000,5,5,5,3,2,NA,2,4,NA,7,30,NA,NA,30,NA,5,5,5,5,5,5,Omron,NA,NA,NA,NA,NA,NA,NA,NA,NA,NA,NA,NA,NA,NA,2166,500,1500,80,8134,2000,6200,370,14987,3000,10500,500,9364,2000,6500,489,1946,200,1500,78,13989,1500,9600,623,1809,200,1300,69,vergeten,NA,NA,NA,vergeten,NA,vergeten,NA,broekzak,broekzak,broekzak,NA,broekzak,NA,3,2,NA,7,1,NA,7,NA,30,5253,5,NA,No,Yes,Yes,Yes,No,Yes,No
154,2020,Male,21,Living_with_parents,6000,2,2,2,0,NA,NA,4,1,15,7,0,30,1893,7,0,7,6,6.5,2,4,3,Omron & app,5305,5133,9358,4687,6133,6219,6106,NA,NA,NA,NA,NA,NA,NA,NA,1053,2.9,132,4596,0,2.8,146,11650,2369,8.3,514,4883,0,2.7,109,5463,0,3.5,114,6531,0,3.8,131,6302,0,3.7,126,niet altijd bij me door thuiscollege,niet altijd bij me door thuiscollege,NA,NA,NA,gewisseld van broek waar hij inzat,gewisseld van broek waar hij inzat,broekzak,broekzak,broekzak,broekzak,broekzak,broekzak,broekzak,0,NA,NA,7,0,45,7,0,30,1953,5,30,Unsure,Unsure,Yes,Yes,Yes,No,No
155,2020,Female,18.4,Living_with_parents,7500,6,6,6,5,1,30,4,0,30,7,0,15,4426.5,5,0,5,7,6,4,5,4.5,Omron & app,1586,1117,2854,2818,3653,1984,2397,NA,NA,NA,NA,Met apple watch gemeten,NA,Met apple watch gemeten,2090,0,1.4,30,1467,0,1,9,3375,1147,2.3,77,2913,1187,2,70,3554,0,2.5,80,2493,0,1.7,43,2319,0,1.6,26,NA,NA,NA,"later uit bed, vroeger in bed, sport",NA,sport,NA,broekrand,broekrand,broekrand,broekrand,broekrand,broekrand,broekrand,4,1,0,3,0,30,3,0,15,2428.5,6,0,Yes,Yes,Yes,No,Yes,No,Yes
156,2020,Female,21.6,Living_with_parents,7500,5,5,5,3,2,NA,1,NA,30,5,NA,45,3742.5,7,30,6,6,6,2,5,3.5,Omron,NA,NA,NA,NA,NA,NA,NA,NA,NA,NA,NA,NA,NA,NA,4934,1125,3.5,88,8001,0,5.6,104,2822,0,2,44,1992,0,1.4,26,3590,0,2.5,69,5797,0,4.1,117,4864,0,3.4,102,NA,NA,NA,NA,NA,NA,NA,broekrand,broekrand,broekrand,broekrand,broekrand,broekrand,broekrand,1,3,NA,2,NA,30,4,NA,30,2076,5,NA,Yes,Yes,Yes,Yes,Yes,Yes,Yes
157,2020,Male,22.3,Living_with_parents,8000,5,5,5,2,1,0,7,2,0,7,1,0,5706,7,NA,7,6,6.5,3,7,5,Omron & app,1788,10818,4618,6124,7079,6699,4681,"Telefoon lang niet bij me gehad, wel hond uitgelaten.",NA,NA,NA,NA,NA,NA,5081,3617,3.8,124,10818,9842,4.8,161,4618,5649,4.6,120,6124,6032,4.9,136,7079,4651,3.8,97,6699,7323,4.4,158,5681,6251,5.1,154,NA,NA,NA,NA,NA,NA,NA,riem,riem,riem,riem,riem,riem,riem,1,1,30,7,1,0,7,1,0,3786,7,0,Unsure,Yes,Yes,Yes,Yes,Yes,Yes
158,2020,Female,21,Living_with_parents,4000,4,3,3.5,3,1,30,5,NA,30,3,NA,20,2958,8,NA,4,6,5,4,5,4.5,Omron & app,521,4268,3205,2805,6374,4736,6912,NA,NA,NA,NA,NA,NA,NA,558,0,0.4,0,4515,3461,3.4,86,2979,1170,2.2,42,4476,0,3.4,39,4465,0,3.3,72,214,0,0.1,0,4973,0,3.7,72,NA,NA,NA,NA,NA,ik was m vergeten toen ik ging wandelen,NA,broekrand,broekrand,broekrand/zak,broekrand/zak,broekzak,broekzak,broekzak,1,1,30,5,1,NA,5,NA,30,2415,7,NA,Yes,Yes,Yes,Yes,Yes,No,Yes
159,2020,Female,21.1,Moved_out,4000,4,4,4,3,1,NA,7,NA,20,7,NA,30,2693,8,NA,6,7,6.5,4,5,4.5,Omron & app,4242,1778,3427,12177,3077,2318,6484,NA,NA,NA,NA,NA,NA,NA,3031,0,2.5,55,900,0,0.8,16,3311,0,2.6,58,11363,2069,9.2,302,2107,0,1.7,28,804,0,0.6,12,0,0,0,0,NA,NA,NA,NA,NA,NA,"Deze dag ging ik naar mijn ouders, en heb toen de stappenteller in mijn kamer in Delft laten liggen waardoor ik geen meting heb kunnen doen deze dag.",broekrand,broekrand,broekzak,broekzak,broekrand,broekzak,NA,5,1,15,3,0,15,5,0,35,3757.5,8,NA,Yes,Yes,Yes,Yes,Yes,Yes,No
160,2020,NA,21,Moved_out,9000,4,3,3.5,3,1,30,6,0,20,5,0,15,2887.5,6,NA,6,6,6,5,5,5,Omron & app,1324,3840,3542,3637,335,485,4886,NA,NA,NA,NA,NA,NA,NA,1324,0,1,31,12,0,0,0,6093,3031,4.5,240,4101,2589,3,117,0,0,0,0,0,0,0,0,4808,1311,3.6,152,NA,'S ochtends vergeten in mijn broekzak te doen en niet thuis geweest om hem later nog te dragen.,NA,NA,"Hele dag thuis gezeten, dus niet veel stappen gezet en daardoor stappenteller vergeten","Hele dag thuis gezeten, dus niet veel stappen gezet en daardoor stappenteller vergeten",NA,Broekzak,NA,Broekzak,Broekzak,NA,NA,Broekzak,0,NA,NA,0,NA,NA,4,NA,12,158.4,7,0,Yes,No,Yes,Yes,No,No,Yes
161,2020,Male,20.8,Living_with_parents,10000,2,3,2.5,2,1,30,4,1,NA,7,1,30,4479,6,NA,4,4,4,5,5,5,Omron & app,466,4418,1434,1449,2027,1498,2682,in de avond pas de app geactiveerd,"vanaf vandaag moest ik in quarantaine gaan, waardoor mijn waardes de hele week erg laag zijn.",quarantaine,quarantaine,quarantaine,quarantaine,quarantaine,4470,0,3.7,135,2395,0,2,54,573,0,0.4,0,1385,0,1.1,2,889,0,0.7,1,874,0,0.7,4,1472,0,1.2,12,-,hij zat in mijn jas en die heb ik niet veel gedragen die dag,-,-,"voor mijn gevoel wel, maar kijkend naar het verschil in app en Omron resultaten mogelijk minder dan 10uur gedragen",tijdens het studeren uit mijn zak gehaald of van riem afgehaald en weer vergeten terug te doen als ik weg ging van mijn bureau,-,riem,jas,riem en broekzak,riem,riem en broekzak,riem en broekzak,riem en broekzak,0,NA,NA,2,NA,15,7,2,NA,2892,9,NA,Yes,No,Yes,Yes,Unsure,No,No
162,2020,NA,17.9,Living_with_parents,3000,4,6,5,1,3,30,5,0,30,2,0,15,2379,8,0,6,7,6.5,3,4,3.5,Omron,NA,NA,NA,NA,NA,NA,NA,NA,NA,NA,NA,NA,NA,NA,2497,0,1.8,50,1308,0,0.9,7,1663,0,1.2,21,4654,0,3.4,49,5954,0,4.4,80,4616,3740,3.4,80,1111,0,0.8,7,NA,NA,NA,NA,NA,NA,NA,broekzak,broekzak,broekzak,broekzak,broekzak,broekzak,broekzak,2,2,30,5,0,30,3,0,20,3198,9,0,Yes,Yes,Yes,Yes,Yes,Yes,Yes
163,2020,Female,23,Moved_out,5000,3,5,4,4,1,30,7,NA,30,2,NA,NA,3720,8,NA,6,6,6,4,1,2.5,Omron & app,4720,1925,5799,616,5177,4458,9740,NA,NA,NA,NA,NA,NA,NA,2886,0,2.5,62,1891,0,1.7,36,4276,1195,2.9,117,1197,0,1,3,4183,0,3.7,89,3414,0,3,69,5428,0,4.8,175,NA,NA,NA,NA,NA,NA,NA,riem,riem,riem,riem,riem,riem,riem,3,1,NA,2,NA,20,1,NA,15,1649.5,7,NA,Yes,Yes,Yes,Yes,Yes,Yes,Yes
164,2020,Male,26.5,Living_with_parents,5000,3,4,3.5,2,2,0,2,NA,15,3,2,NA,3228,10,NA,6,6,6,1,2,1.5,Omron & app,7446,1770,13278,2231,12163,2429,3778,NA,NA,NA,NA,NA,NA,NA,8711,7356,6.9,309,1401,0,1.1,17,12035,0,9.6,202,2327,1434,1.8,66,11713,6706,9.3,387,2651,0,2.1,20,3745,0,2.9,84,NA,NA,NA,NA,NA,NA,NA,broekzak,broekzak,broekzak,broekzak,broekzak,broekzak,broekzak,2,2,0,1,0,10,2,2,0,2752,9,NA,Yes,Yes,Yes,Yes,Yes,Yes,Yes
165,2020,Female,21.2,Living_with_parents,7000,6,4,5,3,1,30,5,NA,10,7,NA,20,2822,4,NA,6,6,6,2,4,3,Omron & app,5625,4349,754,2215,864,7166,312,NA,NA,"had me telefoon niet gedragen tijdens hockeywedstrijd, dus daardoor groot verschil met omron",NA,NA,NA,NA,5070,0,3.9,103,6372,1265,4.9,183,11683,4337,8.9,413,1997,0,1.5,32,794,0,0.6,8,7047,4259,5.4,178,573,0,0.4,0,NA,NA,NA,NA,NA,NA,NA,broekrand,broekrand,broekrand,in broekzak,broekrand,in broekzak,in broekzak,2,1,45,2,NA,30,7,NA,NA,1920,NA,NA,Yes,Yes,Yes,Yes,Yes,Yes,Yes
166,2020,Female,22,Moved_out,10000,5,5,5,3,2,0,5,0,30,7,0,30,4173,10,NA,7,7,7,2,6,4,Omron & app,2887,165,730,505,695,1121,4375,NA,telefoon weinig bij me gehad,NA,NA,NA,NA,NA,2652,0,1.7,11,803,0,0.6,1,731,0,0.5,6,745,0,0.6,2,541,0,0.4,4,1138,0,0.9,6,4032,0,2.3,14,NA,NA,NA,NA,NA,NA,NA,broekzak,broekrand,broekrand,broekzak,broekzak,broekzak,broekrand,0,NA,NA,0,NA,NA,3,0,30,297,10,0,Yes,Yes,Yes,Yes,Yes,Yes,Yes
167,2020,Female,16.6,Living_with_parents,4000,3,3,3,2,1,NA,4,1,NA,4,NA,20,2184,80,NA,5,6,5.5,5,5,5,Omron & app,20979,7172,5799,4279,6074,6229,4801,NA,NA,NA,NA,NA,NA,NA,20315,3703,NA,486,7181,6391,5000,176,3337,2009,2300,70,4047,0,2800,78,4844,0,3400,77,4498,0,3100,67,5598,3312,3900,105,NA,"ik zat een groot deel van de dag te leren, toen had ik hem niet om",ik was hem in de ochtend vergeten mee te nemen,NA,NA,NA,NA,riem,riem,zak,zak,riem en zak,zak,zak,0,NA,NA,5,NA,40,6,NA,40,1592,12,NA,Yes,No,No,Yes,Yes,Yes,Yes
168,2020,Male,23.9,Living_with_parents,5000,4,2,3,2,0,40,4,NA,20,7,0,25,1537.5,7,0,5,6,5.5,3,4,3.5,NA,NA,NA,NA,NA,NA,NA,NA,NA,NA,NA,NA,NA,NA,NA,NA,NA,NA,NA,NA,NA,NA,NA,NA,NA,NA,NA,NA,NA,NA,NA,NA,NA,NA,NA,NA,NA,NA,NA,NA,NA,NA,NA,NA,NA,NA,NA,NA,NA,NA,NA,NA,NA,NA,NA,NA,NA,NA,NA,NA,NA,NA,NA,NA,NA,NA,NA,NA,NA,NA,NA,NA,NA,NA,NA,NA
169,2020,Female,22.2,Living_with_parents,6000,5,2,3.5,0,NA,NA,3,1,NA,5,NA,15,967.5,NA,NA,3,4,3.5,6,3,4.5,Omron & app,6324,2921,2880,290,3625,7392,1156,NA,NA,ik heb deze dag weinig met mijn telefoon gelopen,NA,NA,NA,NA,7053,5988,5.2,214,3643,0,2.7,54,6864,1090,5.1,50,1115,0,0.8,2,4222,0,3.1,78,7855,6594,5.8,236,1882,0,1.4,10,NA,NA,NA,NA,NA,NA,NA,broekzak,broekzak,broekzak,broekzak,broekzak,broekzak,broekzak,0,NA,NA,2,NA,30,3,1,NA,834,7,NA,Yes,Yes,Yes,Yes,Yes,Yes,Yes
170,2020,Male,20.8,Moved_out,8500,1,1,1,0,NA,NA,4,NA,20,7,NA,50,1475,7,NA,5,5,5,6,5,5.5,Omron & app,9227,7904,6375,6432,6414,5774,4304,NA,NA,NA,NA,NA,NA,NA,7335,0,5.7,92,5680,0,4.4,66,5863,0,4.6,62,3479,0,2.7,74,4858,0,3.8,61,3026,0,2.3,26,2498,0,1.9,19,NA,NA,NA,NA,NA,NA,NA,broekzak,broekzak,broekzak,broekzak,broekzak,broekzak,broekzak,1,NA,30,4,NA,15,5,NA,30,975,9,NA,Yes,Yes,Yes,Yes,Yes,Yes,Yes
171,2020,Female,20.1,Moved_out,5000,5,5,5,1,2,NA,6,0,20,3,0,25,1687.5,11,NA,6,7,6.5,6,5,5.5,Omron & app,1839,1579,6853,1553,5450,5190,4920,NA,NA,NA,NA,NA,NA,NA,1700,0,1.3,27,2466,0,1.9,12,4362,0,3.4,34,3102,0,2.4,24,4961,0,3.9,93,9522,1286,7.6,210,4965,0,3.9,92,NA,NA,NA,NA,NA,NA,NA,broekzak,broekzak,broekzak,broekzak,broekzak,broekzak,broekzak,0,NA,NA,4,1,0,1,0,15,1009.5,11,0,Yes,Yes,Yes,Yes,Yes,Yes,Yes
172,2020,Female,20,Moved_out,1000,3,3,3,2,1,30,0,NA,NA,4,1,0,2232,10,0,4,5,4.5,6,4,5,Omron & app,8552,4235,4515,2457,2804,7531,2607,NA,NA,NA,NA,NA,NA,NA,8801,2987,6.8,297,4020,0,3.1,45,4154,0,3.3,46,3475,0,2.7,48,3384,0,2.6,43,10178,1548,7.9,299,2558,0,1.9,27,NA,NA,Ik ging van half 2 tot half 5 windsurfen.,NA,NA,NA,NA,In mijn broekzak,Op riem,Op riem,Op riem,Op riem,Op riem,Op riem,3,2,NA,4,1,30,3,10,NA,10260,8,NA,Yes,Yes,No,Yes,Yes,Yes,Yes
173,2020,Male,21,Moved_out,3000,3,0,1.5,1,1,NA,0,NA,NA,0,NA,NA,480,10,NA,3,4,3.5,4,6,5,Omron & app,1888,3560,1922,3254,2063,1439,7238,NA,NA,NA,NA,NA,NA,NA,0,0,0,0,0,0,0,0,0,0,0,0,0,0,0,0,0,0,0,0,0,0,0,0,0,0,0,0,Omron niet in gebruik genomen.,"""","""","""","""","""","""",-,-,-,-,-,-,-,2,1,NA,4,0,30,3,NA,10,1539,9,NA,No,No,No,No,No,No,No
174,2020,Male,20.7,Moved_out,4000,3,2,2.5,2,1,0,2,0,30,4,0,10,1332,6,0,4,4,4,4,3,3.5,Omron,NA,NA,NA,NA,NA,NA,NA,NA,NA,NA,NA,NA,NA,NA,666,0,0.48,27,320,0,0.23,13,1259,0,0.96,53,557,0,0.41,23,426,0,0.32,18,2061,0,1.4,77,791,0,0.7,39,vergeten,NA,NA,NA,vergeten,NA,NA,riem,riem,riem,riem,riem,riem,riem,0,NA,NA,0,NA,NA,1,0,10,33,10,0,No,Unsure,Unsure,Unsure,No,Yes,Yes
175,2020,Male,20.2,Living_with_parents,NA,4,3,3.5,2,2,0,4,1,0,5,0,15,3127.5,7,0,5,4,4.5,5,3,4,Omron,NA,NA,NA,NA,NA,NA,NA,NA,NA,NA,NA,NA,NA,NA,3839,0,2.8,94,5847,2868,4.3,172,13132,0,9.7,186,3935,0,2.9,41,4419,0,3.2,97,6533,4974,4.8,179,14474,4959,10.7,410,NA,NA,NA,NA,NA,NA,NA,riem,riem,riem,riem,riem,riem,riem,1,3,30,4,0,30,3,1,0,2754,7,NA,Yes,Yes,Yes,Yes,Yes,Yes,Yes
176,2020,Female,17.6,Living_with_parents,4000,4,4,4,0,NA,NA,3,1,NA,5,NA,20,1050,8,30,5,6,5.5,4,4,4,Omron & app,14063,1087,4568,10933,4736,957,4615,NA,NA,NA,NA,NA,NA,NA,13014,7355,10.4,500,1509,0,1.2,7,3404,0,2.7,20,10546,5476,8.4,427,3488,0,2.7,55,906,0,0.7,4,4370,0,3.5,62,NA,NA,NA,NA,NA,NA,NA,Broekrand,Broekrand,Broekrand,Broekrand,Broekrand,Broekrand,Broekrand,0,NA,NA,2,1,NA,4,NA,35,942,9,NA,Yes,Yes,Yes,Yes,Yes,Yes,Yes
177,2020,Male,21.8,Living_with_parents,4000,2,5,3.5,1,2,0,3,1,0,5,0,50,2505,10,NA,6,5,5.5,5,5,5,Omron & app,6899,488,3061,543,6579,688,3336,app stond hele dag al aan. omron 's middags ingesteld,NA,"in de sportschool droeg ik mijn telefoon niet in mijn zak, maar de omron wel",NA,ik had mijn telefoon mee naar de campus maar de omron was ik vergeten.,NA,NA,3957,0,3.2,68,678,0,0.5,0,3832,0,3.1,105,816,0,0.6,7,3975,2195,3.2,82,707,0,0.5,2,3147,0,2.6,100,Ik had hem 's middags pas ingesteld.,NA,NA,NA,Hij zat nog aan de verkeerde broek toen ik vanuit Rotterdam naar de campus in Delft ging. Ervoor en erna wel gedragen.,NA,NA,riem,riem,broekzak,riem,riem,broekzak,riem,1,2,0,1,0,50,1,0,40,1292,11,0,No,Yes,Yes,Yes,Unsure,Yes,Yes
178,2020,Male,22.9,Living_with_parents,1000,1,2,1.5,1,1,0,3,2,0,4,0,30,2316,7,0,5,5,5,3,5,4,Omron & app,353,1703,8652,5400,447,652,629,NA,NA,NA,NA,NA,NA,NA,408,0,0.3,1,1471,0,1.1,21,7364,0,5.5,92,5114,0,3.8,41,371,0,0.2,1,531,0,0.3,1,524,0,0.3,1,NA,NA,NA,NA,NA,NA,NA,NA,"Rechter heup, op de riem/broekrand","Rechter heup, op de riem/broekrand","Rechter heup, op de riem/broekrand","Rechter heup, op de riem/broekrand","Rechter heup, op de riem/broekrand","Rechter heup, op de riem/broekrand",1,0,15,1,2,0,2,3,0,1788,8,0,Yes,Yes,Yes,Yes,Yes,Yes,Yes
179,2020,Male,18.4,Living_with_parents,4000,4,5,4.5,1,1,0,5,0,30,4,1,0,1872,10,0,6,6,6,3,6,4.5,Omron & app,2578,6704,11312,783,6561,1898,7241,Tijdens training niet gebruikt,Tijdens het fietsen in mijn zak gehouden,Tijdens het fietsen in mijn zak gehouden,NA,Tijdens het fietsen in mijn zak gehouden,Tijdens het fietsen in mijn zak gehouden,NA,3758,0,2.9,38,5064,0,4,46,8557,0,6.7,83,1165,0,0.9,9,4235,0,3.3,47,2109,0,1.6,20,7142,0,5.6,139,NA,NA,NA,NA,NA,NA,NA,Rand broekzak,Rand broekzak,Rand broekzak,Rand broekzak,Riem,Riem,Riem,0,NA,NA,4,1,30,0,NA,NA,1440,9,0,Yes,Yes,Yes,Yes,Yes,Yes,Yes
180,2020,Female,19,Moved_out,6000,7,3,5,1,0,30,7,1,30,7,2,0,5532,7,8,6,6,6,5,5,5,Omron,NA,NA,NA,NA,NA,NA,NA,NA,NA,NA,NA,NA,NA,NA,1348,0,0.9,44,526,0,0.4,17,610,0,0.5,20,1482,0,1,48,3062,0,2.2,99,837,0,0.6,27,1134,0,0.7,37,NA,NA,NA,NA,NA,NA,NA,broekrand,broekrand,broekrand,broekrand,broekrand,broekrand,broekrand,0,NA,NA,0,NA,NA,7,0,30,693,10,NA,Yes,Yes,Yes,Yes,Yes,Yes,Yes
181,2020,Male,23.4,Moved_out,4000,4,3,3.5,3,0,30,5,1,0,3,0,20,NA,5,0,3,4,3.5,5,3,4,Omron & app,2254,8261,9706,6910,2079,6780,7321,NA,NA,NA,NA,NA,NA,NA,1741,0,1.3,32,6142,0,4.6,167,4449,0,3.3,45,3588,0,2.7,72,1941,0,1.4,9,4303,0,3.2,68,6808,1848,5.1,198,NA,NA,NA,NA,NA,NA,NA,Klein broekzakje,Klein broekzakje,Klein broekzakje,Klein broekzakje,Klein broekzakje,Klein broekzakje,Klein broekzakje,2,1,0,6,0,45,1,0,30,2139,4,30,Yes,Yes,Yes,Yes,Yes,Yes,Yes
182,2020,Female,18.6,Living_with_parents,2500,3,3,3,1,0,40,3,0,30,3,0,20,878,8,0,4,4,4,6,3,4.5,Omron & app,624,1028,1378,847,5188,859,5579,NA,NA,NA,NA,NA,NA,NA,1938,0,1.4,0,1719,0,1.2,0,1679,0,1.2,2,1631,0,1.2,0,4656,0,3.4,69,1118,0,0.8,0,5577,0,4.1,75,NA,NA,NA,NA,NA,NA,NA,riem/broekrand,riem/broekrand,riem/broekrand,riem/broekrand,riem/broekrand,riem/broekrand,riem/broekrand,0,NA,NA,2,0,20,2,0,10,226,8,0,Yes,Yes,Yes,Yes,Yes,Yes,Yes
183,2020,Male,19.9,Living_with_parents,4000,3,2,2.5,0,NA,NA,3,2,0,4,0,25,1770,7,0,5,5,5,2,3,2.5,Omron & app,4485,5241,513,318,5248,935,12861,NA,NA,NA,NA,Alleen app gebruikt,NA,NA,6814,4644,5.2,267,3749,0,2.8,34,713,0,0.5,0,811,0,0.6,0,0,0,0,0,523,0,0.4,1,13979,3961,10.7,375,NA,NA,NA,NA,NA,NA,NA,Broekzak,Broekzak,Broekzak,Broekzak,Broekzak,Broekzak,Broekzak,1,1,0,3,2,0,5,4,0,5880,6,0,Yes,Yes,Yes,Yes,Unsure,Unsure,Yes
184,2020,NA,21.1,Living_with_parents,4100,3,3,3,0,NA,NA,0,NA,NA,7,1,30,2079,8,NA,5,5,5,3,5,4,Omron & app,2306,2132,2326,649,2463,2666,4580,NA,NA,NA,NA,NA,NA,NA,6046,0,1.8,40,1730,0,1.7,32,2105,1172,1.8,51,152,0,0.5,2,2324,1953,1.9,56,3732,0,2.1,75,4260,0,3.4,109,Aan het begin van de dag niet gedragen omdat ik ergens bleef logeren en hem niet mee had. Toen wel veel gelopen vandaar het verschil in stappen tussen de app en Omron.,NA,NA,Aan het begin van de dag niet gedragen omdat ik hem vergeten was,NA,NA,NA,riem,riem,riem,riem,riem,riem,riem,0,NA,NA,5,0,5,7,1,30,2179,9,NA,No,Yes,Yes,No,Yes,Yes,Yes
185,2020,Male,22.2,Moved_out,4000,2,5,3.5,0,NA,NA,5,0,30,2,0,40,864,8,30,5,5,5,1,0,0.5,Omron & app,2578,3042,2523,1752,7511,2661,4965,-,-,-,-,-,-,-,1593,0,1.1,12,2588,0,1.9,35,2255,0,1.6,15,1411,0,1,23,6527,1820,4.8,119,2190,0,1.6,23,4591,1110,3.4,88,NA,NA,NA,NA,NA,NA,NA,broekzak,broekzak,broekzak,broekzak,broekzak,broekzak,broekzak,1,0,30,5,0,30,2,0,20,972,5,0,Yes,Yes,Yes,Yes,Yes,Yes,Yes
186,2020,NA,20.3,Moved_out,6500,5,4,4.5,6,1,15,7,1,0,6,0,30,5874,5,0,6,6,6,5,5,5,Omron & app,794,8807,10434,4279,9463,6216,8300,NA,NA,NA,NA,NA,NA,NA,1342,0,0.9,0,7867,5113,5.8,138,8725,1570,6.4,185,4746,1128,3.5,62,9151,5841,6.7,246,5082,934,3.7,67,5465,0,4,60,NA,NA,NA,NA,NA,NA,NA,riem/broekrand,riem/broekrand,riem/broekrand,riem/broekrand,riem/broekrand,riem/broekrand,riem/broekrand,4,1,NA,6,1,NA,6,NA,25,3855,6,NA,Yes,Yes,Yes,Yes,Yes,Yes,Yes
187,2020,Male,22,Moved_out,6000,0,4,2,2,1,0,5,0,30,6,0,20,1956,7,0,7,7,7,1,2,1.5,Omron & app,9151,11068,4877,5898,3706,3749,12001,"App (telefoon) in broekzak gehad tijdens een uur drummen. Telefoon nam dit als stappen waar, terwijl de omron dit niet deed.","App (telefoon) in broekzak gehad tijdens een uur drummen. Telefoon nam dit als 3000 extra stappen waar, terwijl de omron dit niet deed.",NA,NA,NA,NA,"App (telefoon) in broekzak gehad tijdens een uur drummen. Telefoon nam dit als 5790 extra stappen waar, terwijl de omron dit niet deed.",2569,0,1.9,35,5833,2454,4.3,144,4229,0,3.1,69,4159,0,3,40,2760,0,2,27,1678,0,1.2,17,5296,0,3.9,132,NA,NA,NA,NA,NA,NA,NA,broekrand,broekrand,riem,riem,broekrand,broekrand,riem,1,1,0,3,1,0,3,0,10,1299,7,0,Yes,Yes,Yes,Yes,Yes,Yes,Yes
188,2020,Female,NA,Living_with_parents,2000,2,4,3,1,4,30,3,2,NA,5,1,NA,4590,9,NA,4,4,4,3,3,3,Omron & app,1102,3906,7065,6209,4578,2235,3884,NA,NA,NA,NA,NA,NA,telefoon niet veel bij me,912,0,0.6,5,3766,0,2.7,42,4184,0,3,30,6053,5235,4.4,151,4135,0,3,34,2019,0,1.4,29,3909,0,2.8,80,NA,NA,NA,NA,NA,NA,NA,riem/broekrand,riem/broekrand,broekzak,riem/broekrand,riem/broekrand,riem/broekrand,riem/broekrand,1,4,30,0,NA,NA,3,NA,30,2457,8,NA,Yes,Yes,Yes,Yes,Yes,Yes,Yes
189,2020,Male,21,Living_with_parents,2500,4,4,4,0,NA,NA,3,3,30,6,0,15,2817,6,0,5,5,5,3,6,4.5,Omron & app,8844,4651,9950,7964,3993,1701,5306,NA,NA,NA,NA,NA,NA,NA,7228,0,6.6,143,4409,0,4,94,9121,6817,8.3,322,1503,0,1.3,19,3784,0,3.4,10,1227,0,1,25,4731,0,4.3,141,NA,NA,NA,"Vergeten tijdens werk, app wel mee",NA,NA,NA,Riem,Riem,Riem,Riem,Riem,Riem,Riem,NA,NA,NA,4,3,NA,2,2,NA,3672,8,NA,Yes,Yes,Yes,No,Yes,Yes,Yes
190,2020,Female,18,Moved_out,NA,4,5,4.5,3,1,30,7,0,35,4,NA,20,3404,8,NA,6,6,6,4,5,4.5,Omron & app,4850,797,5069,7209,2374,3482,6030,NA,NA,NA,NA,4537,3555,5854,4850,0,3600,24,797,0,600,1,5069,0,3800,61,7209,0,5400,67,2374,0,1800,32,3482,0,2600,33,6030,0,4500,79,NA,Thuis vergeten tijdens verhuizing,NA,NA,Van broek gewisseld waar omron in zat,NA,NA,broekzak,broekzak,broekzak,broekzak,broekzak,broekzak,broekzak,3,1,60,5,0,30,2,20,NA,11400,6,NA,Yes,No,Yes,Yes,No,Yes,Yes
191,2020,Male,17,Living_with_parents,400,2,1,1.5,0,NA,NA,5,0,30,1,0,10,633,5,0,4,4,4,2,4,3,Omron,NA,NA,NA,NA,NA,NA,NA,NA,NA,NA,NA,NA,NA,NA,8323,2332,6325,NA,3242,0,2463,NA,7432,0,5648,NA,6588,3238,5006,NA,4783,0,3635,NA,1693,1803,1286,NA,8923,4893,6781,NA,NA,NA,NA,NA,NA,NA,NA,Broekrand,Broekrand,Broekrand,Broekrand,Broekrand,Broekrand,Broekrand,0,NA,NA,7,1,NA,7,NA,50,2835,7,NA,Yes,Yes,Yes,Yes,Yes,Yes,Yes
192,2020,Female,NA,Moved_out,3000,3,2,2.5,2,1,30,5,0,30,3,0,20,2238,5,30,6,6,6,6,4,5,Omron & app,873,1652,4382,763,3935,3587,3650,niet hele dag bij me gehad,NA,NA,niet hele dag bij me gehad,NA,NA,NA,3006,0,2.3,24,2225,0,1.7,28,5507,3011,4.2,157,1339,100,1,23,5040,1678,3.8,87,6129,2890,4.7,224,5039,0,3.8,93,NA,NA,NA,NA,NA,NA,NA,broekband/zak,broekband/zak,broekband/zak,broekband/zak,broekband/zak,broekband/zak,broekband/zak,2,NA,20,2,NA,20,2,NA,30,678,4,NA,Yes,Yes,Yes,Yes,Yes,Yes,Yes
193,2020,Female,21.6,Living_with_parents,3000,2,2,2,1,NA,30,2,NA,20,2,NA,15,499,6,NA,6,6,6,3,5,4,Omron & app,2747,3477,2512,3091,4360,3310,4279,NA,NA,NA,NA,NA,NA,NA,885,0,600,8,3230,0,2300,35,2347,0,1600,23,2934,0,2000,30,4595,0,3400,92,3521,0,2400,37,3788,0,2800,69,"Doordat ik nog in quarantaine zat, kon ik de omron pas aan het einde van de middag halen bij een studiegenootje.",NA,NA,NA,NA,NA,NA,broekzak,broekrand,broekrand,broekrand,broekrand,riem,broekrand,0,NA,NA,5,NA,20,2,NA,15,499,7,NA,No,Yes,Yes,Yes,Yes,Yes,Yes
